"Entry","Name","Origin","Region","PC1","PC2","PC3","PC4","PC5","PC6","PC7","PC8","PC9","PC10","Cluster"
94,"ILL 5888 AGL","Bangladesh","Asia",-12.1227619933447,3.61163891236034,-1.31768135013158,0.968693108809403,-0.337090892543989,-0.260887829674973,1.10338729271309,-0.022573891817312,-1.12591111267966,-1.31602199705544,"1"
105,"ILL 7663 AGL","ICARDA",NA,-10.5364499757076,3.45153838244957,-0.953967386416294,0.166785953780573,-0.0255171950237531,-0.251956167462984,1.20786536338706,0.147410152058277,-0.960506946371048,-1.10446497838342,"1"
157,"PI 251248 LSP AGL","Egypt","Africa",-9.78607249794876,0.240253901398907,-0.746500541121326,0.321737234728353,-0.707472770575915,0.00821813605341993,0.285596211201993,-0.0378509424023616,-0.707953037140415,-0.396532844643293,"1"
154,"PI 244046 AGL","Yemen","Asia",-9.1222662873669,0.708913842638669,-0.443317526952954,0.18628233027383,-0.688739206166724,-0.384283563059082,-0.0513616989367023,-0.410117666196453,-0.33134209830661,-0.488823316680866,"1"
129,"LIRL-22-46 AGL","India","Asia",-8.22160481473127,3.03938772758113,-0.474997883917379,-0.333424835523617,0.442140818736042,-0.203247560874301,0.40992908210389,-0.378754713706328,-0.420951141213426,-0.692950927266617,"1"
112,"ILL 8007 AGL","Bangladesh","Asia",-8.05252649202788,0.828647608130381,-0.351522362161541,0.602744174766624,-0.226979878490555,-0.215779782414667,0.260988297120987,0.587822247394587,-0.110138627872349,0.0247386843674768,"1"
33,"CN 105791 AGL","Egypt","Africa",-7.96042897416311,1.91816650451287,-0.665079807663382,0.594207341582557,0.217978016440366,0.072068063708289,1.17423319554947,0.809666727130866,-0.0996752947024694,-0.107535451591218,"1"
295,"PI 472205 LSP AGL","India","Asia",-7.24410105245964,1.73034056419518,-0.331930717324222,-0.0390420080169733,0.386522224002078,-0.115287507274701,0.322272750058894,0.245213209538993,0.0460065518287467,-0.20714422911839,"1"
96,"ILL 6002 AGL","ICARDA",NA,-7.05858591352253,2.5664519302534,0.21496977437002,-0.144732513558282,0.168618711397033,-0.821727169245056,-0.168770850898371,-0.851907171258807,0.0116369639229207,-0.815216072978575,"1"
145,"PI 193550 AGL","Ethiopia","Africa",-6.91038856045468,0.120564370123796,0.0139457633216599,-0.147892296632297,-0.4701144811926,-0.12411971732706,-0.240293951378656,0.139370669629106,0.39462918666616,-0.315887266638286,"1"
59,"ILL 11558 AGL","India","Asia",-6.85193712927304,1.27558510507316,-0.309283717310349,0.521868350010109,-0.701981793958034,-0.114163616837447,0.0633294067823921,0.314454641249459,0.447184169863836,-0.0669973797775081,"1"
127,"IPL 220 AGL","India","Asia",-6.70147532233673,0.676434852595636,-0.292085070322163,0.491570052245836,-0.625933570991477,0.58281386350473,-0.338889628293157,0.580349882643613,0.423120015584876,-0.0888821160741248,"1"
58,"ILL 11557 AGL","India","Asia",-6.66412615807566,1.34851989692361,-0.331814788146615,-0.186241283190708,0.0188690333379137,-0.508752355461488,0.158382027860845,0.0866589710939602,0.248031727748065,0.0689555511666928,"1"
31,"CN 105777 AGL","Egypt","Africa",-6.63930957193973,0.463511466989276,-0.584930300081796,0.926808951269829,-0.0800481067952171,-0.0515477165154028,-0.0743801226122816,0.311491470698646,0.12497763528741,-0.0112386352436506,"1"
77,"ILL 4605 AGL","Argentina","Americas",-6.56956279797553,2.8781115781781,-0.0214927136951486,-0.434597431585259,0.643461633077356,-0.458166461867191,-0.12442115450104,-0.0625987643452921,-0.332137246079123,-0.17396006543306,"1"
170,"PI 297783 AGL","Ethiopia","Africa",-6.56338584017137,-0.186907575741251,0.25067182467305,0.0252135587786473,-0.162139313640935,0.147618805600213,-0.519059318502036,0.19591784308608,0.126870637801292,-0.287142198244602,"2"
55,"ILL 11548 AGL","Ethiopia","Africa",-6.5252901748404,1.0294407857126,-0.51713245747087,-0.231697138840415,-0.560152287573285,-0.428850168706916,0.219551455776349,-0.207178064023131,0.15367486716543,-0.138096744739744,"1"
57,"ILL 11555 AGL","India","Asia",-6.47196211356711,1.08268697982981,-0.0646985499019491,-0.172703384666633,0.321833742812546,0.0531705540177241,0.223481561954736,0.224208412058018,0.618459777881539,0.0900028011397403,"1"
107,"ILL 7716 AGL","India","Asia",-6.40595005153156,3.2140905750194,-0.0687699974828767,-0.259482747611622,0.172176902120337,-0.954611138520148,-0.0783793895373879,0.104869064061532,-0.470311582268385,0.0734426902206566,"1"
113,"ILL 8009 AGL","Bangladesh","Asia",-6.33212819169591,0.223383695866942,-0.104112277721555,0.0418766797450293,0.188343327910681,0.304336710742527,0.179975094808586,0.792138986585486,0.433993330845006,0.412653618572281,"2"
144,"PI 193548 LSP AGL","Ethiopia","Africa",-6.26572401348265,-0.124245732377812,0.661120116329948,-0.339845157671096,-0.436129274576537,0.0393198297976805,-0.252592583335853,0.478200635535333,0.231714634476499,-0.160663419175709,"2"
54,"ILL 11547 AGL","Ethiopia","Africa",-6.22389693315678,0.971378897980003,0.287928557233419,-0.621934824423551,-0.0901035882869779,-0.614211835682458,0.0015304148680598,0.360869390456887,0.593519631651642,-0.193587969395293,"1"
53,"ILL 10748 AGL","ICARDA",NA,-6.16639215959081,3.29837193635949,0.359265409006985,-0.286194627812154,0.213396083422618,-0.761278798299412,-0.239710533470422,-0.385981559613907,-0.0492736311234221,-0.394612449793508,"1"
156,"PI 250158 LSP AGL","Pakistan","Asia",-6.13161328701776,0.399298794595652,0.948127246779265,0.00987981145127497,0.186992479414812,0.500448376688331,0.0640022612666782,0.0633697480998297,0.316946452011063,0.278961847492214,"2"
43,"DPL 62 AGL","India","Asia",-6.11807406173429,0.547422623597789,0.314708457500865,0.038198446555678,0.316556975225317,0.172268535359225,-0.271517791265591,0.573623059323886,0.0641116711778828,0.340585559290918,"2"
32,"CN 105789 AGL","Ethiopia","Africa",-6.00992857015162,-0.342524703892595,1.03446996891347,-0.0509494737337541,-0.245764193159977,0.421520799039665,-0.518100304064157,0.488689925456551,-0.186875502685105,-0.0863966866319792,"2"
52,"ILL 10657 AGL","Turkey","Asia",-5.97800661547948,0.217385356862993,0.634190288763543,-0.733701025361752,-0.168739357790191,-0.0999117586827558,0.174532743215331,-0.0392312368145182,0.470917809425877,0.0250548037021478,"2"
124,"ILL 9997 AGL","ICARDA",NA,-5.94020849953074,0.981560834005862,0.409272660241701,-0.137566610694428,0.284463429019293,0.0484490351290885,0.138778950287793,0.534955467215172,0.108077687109192,0.308322999041361,"2"
294,"PI 472136 LSP AGL","India","Asia",-5.9315024104975,0.763904597685679,-0.126936349262193,-0.0747877245018126,0.302336692006481,0.510479602002729,0.024309010672301,0.499285792792697,-0.151706593322975,0.407973963324166,"2"
99,"ILL 6211 AGL","ICARDA",NA,-5.81578858038517,3.15586320502756,0.454254351760024,-0.0646365065763474,0.513946802412663,-1.10299400464952,0.0200866324374766,0.0283478966000387,0.232496143317061,-0.387429856001303,"1"
95,"ILL 5945 AGL","Ethiopia","Africa",-5.7653126863827,0.00108666764326244,0.875718145463429,-0.0659236200920856,-0.338481623751481,0.456919127673845,-0.122828330944634,0.500117327165304,0.0378679281705243,0.0239208531999742,"2"
114,"ILL 8010 AGL","Bangladesh","Asia",-5.75199834911187,0.513343295394414,-0.178491109390985,-0.0556335669110936,0.430165650404359,0.332050419355088,0.58261027841734,-0.262333669533988,0.353554092062172,0.514834444867843,"2"
104,"ILL 7558 AGL","India","Asia",-5.70357772699761,3.00576758799727,0.0641246483416203,-0.118395299256636,0.0456595569552542,-0.771656800050869,-0.259553325037955,-0.165807453596318,-0.0961323260927291,-0.248291759875937,"1"
110,"ILL 7978 AGL","Ethiopia","Africa",-5.63876329998867,0.211834490316983,0.954807673174588,-0.465412883780967,0.15567486964597,0.316990372563449,-0.034497700425064,-0.27998126732779,0.239645902847473,-0.468444608731663,"2"
56,"ILL 11553 AGL","India","Asia",-5.60516311617173,0.768257486718703,0.440173120480557,-0.760259081567685,0.467527378462154,-0.308596628044796,0.0254069837455176,-0.00138538156165254,0.179493614376286,0.476514406784535,"2"
38,"CN 105895 AGL","Egypt","Africa",-5.44243122522614,0.97814633589249,0.781324876440488,-0.000387221911046129,0.327618377758528,-0.231809072439066,-0.294009784712033,-0.0253892683091641,0.0593537710531475,-0.20853411586229,"2"
82,"ILL 4782 AGL","Unknown",NA,-5.43959707792823,-1.11335501174646,0.764959802872646,-0.0370111245645248,-0.278169703389935,0.715367748133835,-0.0875728026624662,-0.0256059559118396,0.378405407810756,0.259105979593411,"2"
323,"W6 27766 LSP AGL","USDA",NA,-5.36056584597754,1.58636786449282,1.21431054158524,-0.0915110358264409,0.38524876871467,0.242620777666769,-0.506132615145781,-0.746911669897761,0.294172097003803,-0.511541072434577,"2"
298,"PI 472380 LSP AGL","India","Asia",-5.33792795920833,0.387877924607411,0.00487718423050314,-0.0726730653560062,0.280857217738561,0.369607544975451,0.44116626208354,0.400136500446516,0.293163562625484,0.164566243759969,"2"
159,"PI 280686 AGL","Egypt","Africa",-5.33729916079256,0.644801679010427,-0.346159518383143,-0.547233162164143,-0.255941368276686,0.051785889692068,0.871492035741275,0.320415837773283,-1.01560305935501,-0.457072525584088,"2"
81,"ILL 4768 AGL","Yemen","Asia",-5.29325394776598,-0.993403492642438,0.885095700177431,-0.145756340784736,-0.292857376231023,0.663900203575686,-0.314867175826614,0.426015179683069,0.145306023865447,0.366051777406188,"2"
123,"ILL 9977 AGL","Jordan","Asia",-5.19327430970576,-0.427992528796569,0.442509120829836,-0.016628358942674,0.271974856402114,0.615331164270309,-0.274611118257459,0.476169349805575,0.190560072932535,0.258023346396179,"2"
300,"PI 472488 LSP AGL","India","Asia",-5.18098958939085,-0.00321007648508664,0.914234455152337,-0.151951871130317,0.316142741389003,0.465808631843123,-0.146913692310849,-0.330445826572675,0.380246628498788,0.129295056735921,"2"
67,"ILL 2507 AGL","India","Asia",-5.11000347591016,0.429426706747912,0.884444888082819,0.107271659865523,0.295348461813803,0.47182872588472,-0.0308839959153723,-0.195963552892521,0.101760679615591,0.489875734075666,"2"
297,"PI 472327 LSP AGL","India","Asia",-5.0467098317867,-0.138207137152731,0.26389582783902,0.145306842102664,0.311429636996783,0.700651622497239,0.474508202240095,0.291924392296409,0.341823054822474,0.060063388301143,"2"
239,"PI 426784 LSP AGL","Pakistan","Asia",-4.9846928214441,0.625700438657997,0.852814204946001,0.174608514890761,0.142117317693422,0.266230494643321,0.107872712503869,0.454917656197257,-0.0137944671136643,0.68976810352616,"2"
302,"PI 472561 LSP AGL","India","Asia",-4.85123054262496,0.0993902651649923,1.2111082289835,0.184056120033462,0.344351409156634,0.696561845881161,0.0337944507722702,-0.368557354027824,0.0997383437931184,0.479022185788344,"2"
240,"PI 426797 LSP AGL","Pakistan","Asia",-4.83299467460244,-0.217932319517858,0.763013346059725,0.305772122466707,0.447269128373361,0.520642546970015,-0.0549869450205836,0.0698767698856078,0.0947253557405995,0.304691131912007,"2"
303,"PI 472569 LSP AGL","Egypt","Africa",-4.80177984738836,0.386651237464084,0.977030507119484,-0.0138970837361962,0.600813338290843,0.913605096423857,-0.0575827060119732,-0.159020551137156,0.236984617219316,0.411162121455589,"2"
70,"ILL 3025 AGL","India","Asia",-4.64061737011487,-0.200710487141306,0.815160105516425,1.05504754969295,0.274570457642907,-0.310256648991926,-0.140458307317263,0.132222881060661,0.0924771556496281,0.236362980302442,"2"
72,"ILL 3347 AGL","India","Asia",-4.63191939557234,0.342689238014881,0.666390544177616,0.201744980175839,0.459983015648026,0.54532282733069,0.161358394678438,0.521518339384436,0.138062585098674,0.450026087501711,"2"
111,"ILL 7979 AGL","ICARDA",NA,-4.53930094431666,0.655128341727433,1.28423376587492,-0.0343515997433371,0.573564915122629,0.425039996694657,-0.156627100626294,0.456055485981759,-0.190878680142456,0.50505080439203,"2"
92,"ILL 5722 AGL","Turkey","Asia",-4.53780591715302,-0.180728302877506,-1.58044183797409,-0.191169225392778,-0.372287414851516,-0.665233782724816,0.463031440113883,0.591314053149198,0.0429352562020191,0.614160062763346,"2"
49,"IG 4258 AGL","India","Asia",-4.5224820473208,-0.36869714221922,0.936683770771441,0.425754438224625,0.342862360221858,0.304402491674125,0.0684829611204547,0.0832951425401664,0.306123066163055,0.416758100890856,"2"
122,"ILL 9945 AGL","ICARDA",NA,-4.43236019080937,-0.930074090084217,1.35473710521904,1.51275355359271,-1.2397202932688,-0.269473221704348,0.0244503279458933,0.136026575442528,0.317424686854041,0.147529368822192,"2"
118,"ILL 9 AGL","Jordan","Asia",-4.28716670261151,-0.642233351098819,-0.339700346374698,-0.777058908341493,-0.175726731548691,-0.0836455410659266,-0.0120151844761532,0.200627643824078,0.519995809540357,-0.240488725638276,"2"
301,"PI 472559 LSP AGL","India","Asia",-4.03445187122802,-0.44744827384266,1.31049248938705,1.6173665806383,-0.0556308509877717,-0.660976023573799,-0.347678409568828,-0.335035333633469,0.170802411144717,0.367509677793781,"2"
121,"ILL 9932 AGL","ICARDA",NA,-4.02464282886048,-0.622926476185234,0.613588456128973,-0.126049976004505,0.122763714135272,0.29804283997547,-0.343774667066468,0.51939518712176,-0.0935823244009654,0.218367709714558,"2"
106,"ILL 7668 AGL","ICARDA",NA,-3.79069427769266,0.389243923565804,0.194076390720851,0.483183964688895,0.572095808362428,-0.127669250298084,-0.171515918049709,-0.039391138239698,-0.0227740426950925,-0.0833239703524327,"2"
318,"PI 643452 AGL","Syria","Asia",-3.78959735709629,-0.401460143605397,1.47329886802222,1.1444196967055,0.179579182155927,-0.399917180593984,-0.0980377800627445,-0.0616660510097999,0.140507454173112,0.189716084031226,"2"
317,"PI 643451 AGL","Ethiopia","Africa",-3.6818261188572,-0.0168538541228362,1.61592174437895,0.461476684175197,0.74569259604193,0.603154956091563,-0.454974618355492,-0.241775044414271,-0.0454360740887634,0.276261628691145,"2"
74,"ILL 3597 AGL","India","Asia",-3.56421147589678,-1.05122459717541,0.948066695673685,1.10384986032903,0.161113130510431,0.189839750831226,-0.358817660790817,0.0661965233497408,-0.21802032953667,0.204930993179841,"2"
30,"CN 105767 AGL","Libya","Africa",-3.46763434276913,-0.86911551998484,-1.59983023769137,-0.404733273822395,-0.0158090034359007,0.708781712967005,0.0900805000098013,-0.0381121319110419,0.184066148287626,0.282936871618836,"2"
26,"CN 105604 AGL","Ethiopia","Africa",-3.4511753976212,0.268268821191893,0.488226577929923,0.100342475045026,0.412783771046047,0.144720386986978,0.0423380310817663,-0.404406673872039,0.111051524880985,-0.0767306891398157,"2"
299,"PI 472416 LSP AGL","India","Asia",-3.40459161028731,0.113062353800616,1.06607074797674,1.21574703615577,0.0372687155049355,0.381452595808745,-0.197022720477912,-0.333070571219899,0.400856805475592,-0.0864957443918235,"2"
306,"PI 472615 LSP AGL","Jordan","Asia",-3.29785270356132,-0.904039595718641,0.559789595014589,-0.900865404958043,0.00943639097172256,0.719811453817829,0.172481180471566,-0.200922677991915,-0.305348809092753,-0.0521420452173034,"2"
184,"PI 299121 LSP AGL","Mexico","Americas",-3.0954201524747,-0.082908092036351,0.409049933335103,-0.643867212057224,0.308392473466816,0.723502236608668,-0.345718138503245,0.0627282898733651,-0.204110543808252,0.236734061517438,"2"
63,"ILL 1983 AGL","Ethiopia","Africa",-3.05078856119676,0.0217536364693801,0.844994826343628,0.759525914398186,0.874249542859201,0.322418880854265,0.00873072239529269,-0.298270171175539,-0.126634808041532,-0.019293841361328,"2"
120,"ILL 9888 AGL","ICARDA",NA,-2.92547403167088,-1.06255290902868,0.0298360138403923,-1.19064223862071,-0.612252553750626,0.386035054871855,-0.458721915581755,0.239329171557269,0.105377085067716,0.142698396982365,"2"
152,"PI 217949 LSP AGL","Pakistan","Asia",-2.82253643545127,-1.47202377151699,0.893350380773707,-0.186486065751406,0.653972323692729,1.29714991731898,-0.324530969529434,0.198627468378793,0.184668033643937,0.112159531977369,"2"
68,"ILL 2580 AGL","India","Asia",-2.75456961490989,-1.11855379913612,0.822440071238414,0.986329238931184,-0.236240553595192,-0.576008978537168,-0.333121609113769,0.656292082159388,-0.233378171597918,0.327055490536115,"2"
198,"PI 302398 LSP AGL","Jordan","Asia",-2.49607475987303,-0.872900889443597,0.438460411335543,-0.675666114773589,0.000618746630306545,0.0718050973949667,-0.153434258315683,-0.163819908835981,0.048872466135579,0.0850117921680024,"2"
185,"PI 299126 LSP AGL","Mexico","Americas",-2.3920798632401,-1.38464998709547,0.881793724409368,0.349088378674778,-0.584451468582947,-0.769553287340082,0.693471625618479,0.038489677416668,-0.0224827827653245,-0.0141253862487788,"5"
45,"Gudo AGL","Ethiopia","Africa",-2.27089517353557,-0.235401224587816,0.915495508558247,0.167278097233999,-1.19449700339053,0.992224228349401,0.273320922627294,0.132654240337387,0.30695831214909,-0.268160320276098,"2"
289,"PI 451763 LSP AGL","USA","Americas",-2.25779256319803,-0.0556977905301053,-2.12468289273167,-0.961573936789611,-0.131155317148973,0.172358705106929,-0.280528051284125,-0.18458123790823,0.0133274695982853,0.241556057874479,"4"
28,"CN 105715 AGL","Ethiopia","Africa",-2.00077103382722,-2.40948052131959,-1.04607673791546,-0.387615728992992,-0.227327131992076,-0.140810135124509,0.132242991973277,0.10337118731189,0.221885350771529,0.0969778058476126,"4"
203,"PI 320936 LSP AGL","Russia","Europe",-1.99039214039251,3.11699830526701,0.773564365383256,-0.0548487338799127,0.0716319110257956,0.941243402804519,0.0118797279024368,-0.0841118598833757,-0.214643733984881,-0.390279726956888,"3"
98,"ILL 6182 AGL","Tunisia","Africa",-1.85189438623875,-0.531863174367913,1.11297788356469,0.380472373279977,-0.114578644706252,-1.01184338579327,-0.16987281386729,-0.43833852653829,0.0553915105085905,-0.310241487176598,"5"
117,"ILL 8595 AGL","Ecuador","Americas",-1.84852770003284,-0.0113549276496415,-2.41789932975534,-1.09757249170851,-0.343291185176228,-0.250740411956756,-0.264285868836783,-0.660499669810209,0.266485797811185,0.224223700470644,"4"
316,"PI 612875 AGL","Syria","Asia",-1.84692765619413,-2.38199060628621,2.20244365392386,0.479370545692762,-0.43728094792606,0.0115130634257813,0.266389296419332,0.409481125869287,-0.628475302639589,0.212805638973055,"5"
183,"PI 299120 LSP AGL","Mexico","Americas",-1.84320707446241,0.173904216023062,-0.328987261043204,-0.950903074730069,0.490678774882125,0.540475750281231,-0.0475751729080421,-0.312866829866294,-0.376164866052482,0.168896586981468,"3"
308,"PI 477921 LSP AGL","USA","Americas",-1.72204394879364,0.0190293428630426,-2.672651682336,-1.28380658899907,-0.451863225222395,0.0232869986318652,-0.0425123631727335,-0.444628454667321,0.581911355524652,0.380198818672942,"4"
125,"ILWL 118 AGL","Syria","Asia",-1.67374607813821,1.11015305097051,-0.154917687268268,-0.295858926544518,0.817662961623678,0.652544800250508,0.154095708827793,-0.610072240954626,0.312314539784145,0.42811499269043,"3"
27,"CN 105605 AGL","Eritrea","Africa",-1.64063132397371,-1.65416936998732,-2.17847247586378,-0.792826332332824,-0.171448754638896,0.244172434635144,0.354436750152185,-0.302016017941195,-0.224645783196568,0.101503957944407,"4"
286,"PI 432245 LSP AGL","Lebanon","Asia",-1.52299720375734,-1.13946240011379,-0.775746840788204,0.735516159498526,-0.383645911592823,-0.606904300491341,0.0760206753881156,-0.0710920118101266,-0.261202421328847,-0.0264302037712773,"4"
109,"ILL 7946 AGL","Syria","Asia",-1.48949984258707,-1.54573710549508,1.45436367462919,-0.162599955785532,-0.599938228709664,-0.743795564865816,0.188846443361097,-0.106522221939658,-0.116906219140266,0.544879174739162,"5"
321,"W6 27760 LSP AGL","USDA",NA,-1.35685285593741,1.96005833759135,-0.0637430824375638,-0.789305644690721,0.532453501219065,0.629935683505965,0.088441056147903,-0.433737101780027,-0.292801572834995,-0.224203676720952,"3"
61,"ILL 1553 AGL","Iran","Asia",-1.34072312204264,-0.887073113054085,-1.52263382752869,-0.179623333546731,0.0552865523121373,0.860169526407599,0.279306785300347,0.157859715286226,-0.088302054461393,0.00320962057232399,"4"
73,"ILL 358 AGL","Ethiopia","Africa",-1.28577659867069,-1.18558174534888,0.620481882662782,-0.0719492227976072,-0.0336472233699895,0.0269052398358709,0.0264672384209843,-0.102178016233681,0.409808265756198,0.281451702404979,"5"
173,"PI 298121 LSP AGL","France","Europe",-1.27312855050123,0.437126546754035,-1.24778614425561,-1.02188970896262,0.116355080020995,0.294558541454391,-0.746023895935153,-0.474683144158854,0.295050810788399,0.180637081759966,"3"
89,"ILL 5209 AGL","Jordan","Asia",-1.1658531475664,-1.25532494264914,1.80726174118867,-0.41233751397895,0.328382062081261,-0.0109112764208918,-0.786091805659077,-0.483332418065844,0.026016705629174,-0.149320682304808,"5"
311,"PI 508090 AGL","USA","Americas",-1.07994705660104,-0.436340178801579,-1.96662408863425,-0.479879837695819,-0.272351978709062,-0.242253381386036,-0.311473112410318,-0.577105785992163,-0.211147495027947,0.120707787909446,"4"
119,"ILL 975 AGL","Chile","Americas",-1.07701452572609,-1.80453781346534,2.55237564780516,0.107290831458537,-0.420372927699504,-0.186489789312386,-0.0998313097104514,0.0122089311782444,-0.0666085762555123,-0.144693035721996,"5"
93,"ILL 5883 AGL","Jordan","Asia",-1.02014296015576,-1.63239349487666,1.17582500152056,0.0792036357625895,0.201585786056405,-0.385552010055826,-1.00421315830065,-0.435459450210889,0.0482339647116279,-0.472404526413292,"5"
245,"PI 431633 LSP AGL","Iran","Asia",-0.976506453743955,-0.648591553807103,-0.980052426121616,0.407618544625095,0.488714238258865,-0.853513790484209,0.20185114942681,-0.351976641061835,-0.182992114847693,0.153138775685382,"4"
307,"PI 472629 LSP AGL","Iran","Asia",-0.969852787556989,-1.45585283160249,-1.99674609209582,-0.769884425459666,0.275732965985037,0.476167568162787,0.147975266655629,-0.539510833077982,-0.29181650740728,0.0634310705512746,"4"
242,"PI 431618 LSP AGL","Iran","Asia",-0.923571652742818,0.0610019912970214,-1.50283548067168,-1.71777049600921,-0.0949270965454466,-0.323930175057956,0.511226603443794,0.222077370446049,-0.105694000631983,0.405542997167497,"4"
75,"ILL 4164 AGL","India","Asia",-0.908597692134753,-1.78355817633267,2.18940553957474,0.225698459042036,-0.0700577779528159,-0.246283394695377,0.0476240385457442,-0.185532832639442,-0.0486529946190397,0.227845523178575,"5"
214,"PI 339266 LSP AGL","Turkey","Asia",-0.843811572551542,-1.86941355922106,-1.94196201329665,-0.0946333528693081,-0.212466410370364,-0.193608405975651,-0.00365967158295166,0.0149572134655302,-0.490411258209606,0.164170353950582,"4"
275,"PI 432085 LSP AGL","Iran","Asia",-0.82084013090562,-2.26106420791869,0.0147045008664366,0.284462596581102,-0.239245665064855,-0.467690568773494,0.46230935922927,-0.0368052228630629,0.0661744742504735,-0.0600103601729636,"4"
84,"ILL 4804 AGL","Libya","Africa",-0.782890939804821,-1.63616087729838,0.890066045331343,0.527069870133658,0.23243766324185,-0.177393514494267,-0.424813806392705,-0.538146024464245,0.135520977326899,0.0246851778086377,"5"
228,"PI 374118 AGL","Morocco","Africa",-0.739217261621584,-1.7569620453329,1.78314453719887,0.371207765403254,0.231869411858434,-0.209955038162061,0.189085172843004,-0.527459199821004,0.00880668685504892,0.256205512606148,"5"
281,"PI 432188 LSP AGL","Iran","Asia",-0.720510584919606,-1.09418640297656,-1.28728470616324,-0.435739213515407,0.443947792595856,0.493668138188703,-0.355117321968004,0.0915361118024465,-0.272392272309128,0.0556385757190598,"4"
23,"CDC SB-1 AGL","Canada","Americas",-0.662830509181428,-0.699607259310607,-1.68083591307071,-0.761310387629402,-0.621266012199815,0.795096546853368,-0.1899556242912,-0.499431838002256,0.321965821076272,-0.0391672426282819,"4"
212,"PI 329157 LSP AGL","Iran","Asia",-0.640821831692888,-1.36017091512769,-0.974943520601493,-0.0169152138889348,0.187900292809676,-0.0807711660534651,-0.283267579377534,-0.478003780245619,0.0181654773372412,0.366816812593431,"4"
42,"Crimson AGL","USA","Americas",-0.617467354456935,2.74221049747243,-0.289075257022454,-0.792921561801755,0.484984814351335,0.678478751907163,-0.166582423435752,-0.206046257652723,-0.436779308344697,0.0527971962785173,"3"
22,"CDC Ruby AGL","Canada","Americas",-0.576953009702529,2.99953920903595,-1.28989703997231,-0.45447416255571,-0.534555951698194,0.749953795807377,-0.371313017471673,0.117639113364358,-0.242436722474916,-0.152863310956838,"3"
182,"PI 299116 LSP AGL","Mexico","Americas",-0.553231865603989,-0.655930419674047,-0.449509903504276,-0.0806312626766092,0.512149720521197,1.30781964469043,-0.695694570969075,-0.216768328766962,-0.72828295756086,0.0304765515096316,"4"
213,"PI 329167 LSP AGL","Iran","Asia",-0.487484675092082,-0.852209752032747,-0.422911415804858,0.159079146208923,0.066139215765695,-0.780807874201028,-0.0566580450558867,-0.119643959284243,-0.000921936173565477,0.210501207702327,"4"
116,"ILL 8174 AGL","ICARDA",NA,-0.477711550321372,0.152737364800939,-1.73403033171816,-1.93271209360878,-0.00895646899696735,0.40551808361386,-0.0303156657435322,-0.599426357105592,-0.209917255930118,0.0460787895452116,"3"
322,"W6 27763 LSP AGL","USDA",NA,-0.401714649275485,-2.32981019961695,2.0625448043268,-0.0987524283398406,-0.21293556558966,-0.144664853084784,0.0688804538361729,-0.356947791156313,-0.0588761801624553,-0.158293999396926,"5"
88,"ILL 5151 AGL","India","Asia",-0.389534008967971,-0.967533035999868,1.79449209202318,-0.00621125437850057,-0.620947415793013,-0.363578590049677,0.225511221015602,-0.28463910619535,0.0926125840403524,0.183238434021703,"5"
241,"PI 426807 LSP AGL","Pakistan","Asia",-0.366650422744885,-2.12552432034513,1.08398620271456,0.177878071850303,-0.139406761335981,-0.261633625472369,-0.636433846451333,-0.035756216345141,0.0420196527760845,-0.11855048143207,"5"
208,"PI 320946 LSP AGL","Israel","Asia",-0.322050351965617,-1.78140646079467,1.14743175417971,-0.380975497067532,-0.558365997713552,-0.486445041926172,0.856417876833551,-0.519933883049802,-0.105133236408897,0.275506003709948,"5"
103,"ILL 7089 AGL","Russia","Europe",-0.317920203997754,-1.83845615929743,-1.38625125188824,-0.145825116903901,-0.47096691532531,-0.880268514863734,-0.39734807420476,-0.381585502806919,-0.074608211932461,-0.122606791817144,"4"
91,"ILL 5639 AGL","Ethiopia","Africa",-0.286462826792781,-0.938420755159573,-0.0176945744506511,-0.412040358239073,0.585430243849025,0.740182333722772,-1.10476071053986,-0.179909136862686,-0.0670157665119977,-0.102273235299964,"4"
219,"PI 339296 AGL","Turkey","Asia",-0.241864845148177,-1.85953469316962,-2.39423525957376,-0.432489761107742,0.0623063809896832,0.0116405842828564,0.135270274351884,0.266910010912888,-0.45394258043464,-0.531017259072739,"4"
97,"ILL 618 AGL","Tajikistan","Asia",-0.22649989533005,-0.947221241278848,-1.48981815611857,0.501098977258886,-0.491649290813195,-0.115786079793544,-0.0263146419224023,-0.245926735930136,-0.0720387646005679,-0.00911105191691911,"4"
172,"PI 298023 LSP AGL","Turkey","Asia",-0.215109781807384,-1.3691456744165,-1.49653374435073,0.613082659676549,-0.251130632953889,-0.397666081862973,-0.1555630656922,0.322992382136118,-0.368676571991678,0.0384002887031854,"4"
190,"PI 299237 LSP AGL","Chile","Americas",-0.185482220712786,-0.155009419074857,-0.371592024385635,-0.371643239473397,1.08355082916863,-0.0387222790153286,0.103768502509895,-0.25633064651877,0.176833362769183,0.101754540686253,"4"
234,"PI 420924 LSP AGL","Jordan","Asia",-0.100143298680888,-1.40834314511882,2.20819799989363,0.0696633741580785,-0.11071300702741,-0.282158399456204,-0.141630994901614,-0.10435722139135,0.524108376102203,-0.0899250427921668,"5"
69,"ILL 28 AGL","Syria","Asia",-0.0991340683628849,-0.983261623401378,0.986724003902242,-0.719615601882877,-1.18087956418574,-0.843228854324457,0.710248794642939,-0.350605841368684,0.373381858339425,0.282397424855166,"5"
175,"PI 298357 LSP AGL","Egypt","Africa",-0.0495774778003585,-1.09010436946705,-1.90809271383129,-0.496037294272671,0.0735444675046148,1.35925010343166,0.366936331183229,0.277546213596433,-0.541400577718835,0.446560727419151,"4"
217,"PI 339289 LSP AGL","Turkey","Asia",-0.036759371303622,-2.33558633405635,-2.04863656995056,-0.863141446814532,0.396048176577926,-0.0413052492683452,-0.363162306995079,0.568508454691292,-0.0646274784852573,-0.384441214034805,"4"
101,"ILL 6821 AGL","Ethiopia","Africa",0.0116102992320506,-2.25357018470392,2.26349867901906,-0.365020478718325,-0.447766115127398,-0.12591509777004,-0.0290523928424205,-0.827083812208505,-0.194958178021334,-0.338979230693975,"5"
135,"PI 178952 AGL","Turkey","Asia",0.030125683860616,-0.960444735467426,-1.24942860149562,-0.0724173774818286,-0.422768214158726,-0.877607846783058,-0.0255777742065516,0.0593306087731265,-0.661406920360951,0.258726857759796,"4"
66,"PI 431893 LSP AGL","Iran","Asia",0.0432663790768048,1.18867604799965,-2.0640249821118,-0.355073903889817,-0.730453600694014,0.896141789922705,-0.365046315278473,-0.330079234180397,0.97640010465034,-0.421648994343262,"3"
246,"PI 431636 LSP AGL","Iran","Asia",0.0456240517249282,-1.80915631751641,-0.836723618032165,0.118705430946453,0.122666207978775,-0.525086699878758,0.21617200181217,0.205000520976112,-0.168411082265052,0.0842467838478384,"4"
25,"CDC Vantage AGL","Canada","Americas",0.0860563522244836,2.36715394531684,-1.06100702974609,-0.860185603924338,-0.340656067143475,0.458022101731763,-0.324358096636896,-0.67885028820683,0.134172549298495,0.12205670682952,"3"
247,"PI 431643 LSP AGL","Iran","Asia",0.116182692221527,-1.59262801332613,-1.22928985593254,0.456462563190141,-0.52795983556734,-0.203180757843113,0.108971210469597,0.164029732871456,-0.296685392327049,0.327658481549316,"4"
220,"PI 343026 LSP AGL","Tajikistan","Asia",0.116327281598117,-0.678431422612013,-1.29684926418935,0.650012066321007,-0.595673612188718,-0.338143204236578,-0.134852422847599,-0.254690514385378,0.00381324791462553,-0.0182718789495292,"4"
262,"PI 431824 LSP AGL","Iran","Asia",0.116393244150505,-2.20851846669272,-1.10609646876838,-0.00383701075513542,-0.101456373784412,-0.579261605794895,-0.178599180718823,0.151043968783845,-0.627221960533049,0.433815692863047,"4"
202,"PI 320935 LSP AGL","Iran","Asia",0.12357491203904,-2.89428388261336,-0.893730602961946,0.545224073898699,0.0188130764413737,0.049517850725444,-0.710656045279238,-0.304947814221296,-0.283241024818874,0.237708205042192,"4"
48,"IG 1959 AGL","Ethiopia","Africa",0.151031285365209,-1.52229663803692,-1.1542929294975,-0.624182270417489,1.35105101180555,0.937287687691918,-0.665464633663249,0.0970061036575484,0.132344865044207,-0.813920735481023,"4"
218,"PI 339292 LSP AGL","Turkey","Asia",0.161116321177471,-1.48200080430631,-1.73639348003955,-0.0354137885378257,-0.386069173645446,0.0402135965389444,0.0651521774154682,-0.156342444046765,-0.585441102448058,0.0597644088796304,"4"
155,"PI 250156 LSP AGL","Pakistan","Asia",0.189304981454491,-1.91532819727301,1.21400208122836,0.190656217639078,-0.12379659230032,-0.0227896942849891,-0.335574312959299,-0.322815355345798,0.157710927226641,0.622434694898689,"5"
230,"PI 374121 AGL","Morocco","Africa",0.223032421023597,-0.229297599910996,-0.15115401945815,-0.299248041955715,0.645860044409076,0.753021208242316,0.131618959117831,-0.251255260972291,-0.000335760355477674,-0.0987270733523325,"4"
153,"PI 238758 LSP AGL","Belgium","Europe",0.224041788885697,1.39433280921121,-1.9343710764809,-0.869057280977539,-0.715856138502585,-0.534462885567581,-0.0967852420540453,0.586977270676683,0.0466878460229061,0.106628320355398,"3"
280,"PI 432184 LSP AGL","Iran","Asia",0.237058477504304,-2.09421758687226,-1.49808149657994,0.159534542012049,-0.631198108545364,-0.406951520752042,0.0191218952366152,-0.129483014093627,0.28389430486177,-0.00204978795404951,"4"
319,"Shasta AGL","USA","Americas",0.279862304871553,1.86107491942397,-1.37909315359942,-0.921904588374873,-0.472863503204783,-0.299023221830012,-0.489999755123119,0.238058385392242,-0.256409709716841,0.294436979329623,"3"
290,"PI 458503 LSP AGL","Mexico","Americas",0.287598453559704,-0.808981480942091,-0.115723251146416,0.105969012590016,0.439614894312948,0.119453259319761,-0.0974434200348493,-0.538226421648883,-0.71955382638959,0.54291719709149,"4"
272,"PI 432005 LSP AGL","Iran","Asia",0.292899203864887,-1.50391001323429,0.606366185063568,0.351849934224301,0.574360600530786,-0.507864084059688,-0.674387597569224,0.802167221616766,0.451489789767017,-0.102987373689851,"5"
141,"PI 182217 LSP AGL","Turkey","Asia",0.309310876175083,-0.72581436396736,-1.26738611397646,-0.707164496554063,-0.686083112278734,0.414574253098844,-0.0480313080761624,-0.294326684372424,0.170687428600666,0.300137652435759,"4"
65,"ILL 2194 AGL","Pakistan","Asia",0.31094471382633,-1.93745712240346,1.23629904414777,0.127873561882592,-0.770067404529952,0.200414355297804,0.246755489591295,-0.313670977690593,0.103669522763726,-0.00432121901078028,"5"
258,"PI 431739 LSP AGL","Iran","Asia",0.327114232579643,-0.135408614933071,-0.979232825278783,0.195038260874342,0.223113287572841,0.0944286740594543,0.183876867697196,-0.144928955522869,0.17413910036959,-0.100627970494936,"4"
227,"PI 374117 LSP AGL","Morocco","Africa",0.363758087983378,-1.9324169046378,0.588109784301867,0.647091155321243,-0.285015184422406,0.386803587936406,0.188275261990097,-0.309220699597815,0.117426274422083,0.175508735737061,"5"
51,"IG 858 AGL","Algeria","Africa",0.394525827065199,-0.990127231461264,-1.87791153320556,-1.09796770028787,-0.0836653802179676,-0.779764899329652,0.102489085429561,-0.0751293471030506,0.36288411224285,0.116154129146476,"4"
102,"ILL 6853 AGL","Syria","Asia",0.40392595750732,-0.148336974955016,1.80125408047403,-0.15495712876597,0.0876265747021762,-0.766131168509404,-1.14068750140141,0.495949760649132,-0.666891225410893,-0.877232700021906,"5"
265,"PI 431884 LSP AGL","Iran","Asia",0.419540962206204,-2.31129277186129,-1.63479626356114,-0.0631291880563166,-0.286001175433615,-0.637609687198622,-0.513009411862568,0.141100069689892,-0.182334184277692,-0.224249847263494,"4"
64,"ILL 213 AGL","Afghanistan","Asia",0.433343096157756,-2.84297842101246,0.582843763899993,-0.18104100063761,-0.409885796552189,-0.0844016263035557,-0.946926926425554,-0.0430040221735352,0.669890507047058,-0.0487536503934746,"5"
268,"PI 431980 LSP AGL","Iran","Asia",0.449493957761969,-1.31300437543629,-1.86040605764513,0.491831526936652,-0.176808840031304,-0.366084321036842,0.141824616610819,0.153350661311388,-0.300328505739599,0.217091072324809,"4"
115,"ILL 8072 AGL","India","Asia",0.470021200156842,-1.81323347816616,1.03516304001874,-0.629758591971116,-0.800490911661452,-0.390150979993578,0.882291673139638,-0.229282500577026,-0.288633585610587,-0.106004788324612,"5"
29,"CN 105732 AGL","Ethiopia","Africa",0.483345828886772,1.38199095202564,-1.44567427726104,-0.227426314711173,-0.117801177828897,-1.32184492962721,0.0818869496167872,-0.109938649975538,-0.314432615406701,0.27300599913607,"3"
296,"PI 472213 LSP AGL","India","Asia",0.488448422479298,-1.83179197117755,-1.52394436273798,0.126968640391829,0.40685929167289,-0.529466658826388,-0.235536215408976,-0.0232964880269589,0.360693928364343,0.270581068577161,"4"
261,"PI 431809 LSP AGL","Iran","Asia",0.546457222615173,-1.54562009250972,-1.3104368331336,-0.101853773826735,-0.627798615378266,-0.691751413672719,-0.663568124390397,0.593816463778905,0.572327866825627,-0.220359871597048,"4"
235,"PI 420925 LSP AGL","Jordan","Asia",0.648262684233847,-0.448106611055995,2.88166254066472,-0.17358053433291,0.380784983217244,-0.357069397324837,0.448889578159412,-0.0232709584736088,-0.0975339921847693,-0.438384928743726,"5"
187,"PI 299164 LSP AGL","Chile","Americas",0.654725251660574,-0.565021902451757,0.0427878071119425,0.677613649653222,0.242755724537222,-0.200538276487884,-0.520940153799294,-0.741782796098288,0.36978835955009,-0.191508428792881,"4"
276,"PI 432106 LSP AGL","Iran","Asia",0.658832754354265,-1.00623712147936,-0.978832782907322,-0.182627112775911,0.0554902670521826,-0.870243194033194,0.0657326211871454,0.294462456392355,-0.219122355271719,0.0587229918304393,"4"
293,"PI 468902 LSP AGL","Brazil","Americas",0.663334408803428,-0.554099252870912,-0.911058245206386,0.443669420727305,-0.761362150253559,-0.321838748409309,-0.258010057143535,-0.158873659457056,0.520783566834863,-0.019547995406541,"4"
18,"CDC Rosebud AGL","Canada","Americas",0.665957826202284,3.12549623475643,-1.34272492233471,-1.12877586820435,-0.574554269248199,0.539661620718629,-0.036216993953286,-0.152127589602608,-0.13496963655196,0.355582063571835,"3"
305,"PI 472590 LSP AGL","Lebanon","Asia",0.669564783580005,-2.41851373352091,0.527851061132764,0.308308760342548,0.521346014080522,-0.0448364457124309,0.376848631635864,-0.110326477578237,0.442546633750158,0.396564668752826,"5"
259,"PI 431753 LSP AGL","Iran","Asia",0.690531688445731,-1.23394616908682,-1.56872836875293,-0.293924747111577,0.719936407054778,0.125204876061532,0.14069053635732,0.0920235258913252,0.49579861923818,0.0360482132024882,"4"
60,"ILL 1220 AGL","Iran","Asia",0.70438677835998,-1.24718311770214,-1.55846081212698,0.336509859073009,-0.487641042447438,-0.483355924610836,-0.467190922971478,0.667692807272482,0.328418706050804,-0.324099549888497,"4"
236,"PI 420929 LSP AGL","Jordan","Asia",0.708897871403975,-0.734666110008361,2.65887404949038,-0.273745654874097,0.334619248793453,-0.420069081128118,0.190239834611821,-0.239496960192469,0.0908557491475311,-0.317709080331629,"5"
231,"PI 379368 LSP AGL","Macedonia","Europe",0.733467958402557,-0.377289931685592,-0.0487968483206309,0.643138512309587,-0.166188901113072,0.100299728917028,-0.419097570258764,-0.166954163223486,0.252625620124247,-0.411347504488143,"4"
79,"ILL 4665 AGL","Hungary","Europe",0.766051908197749,0.760502362925675,-0.232510258285775,-0.521656415344409,0.408675065218605,0.454566902949704,-0.339399224617369,0.514435618610167,-0.18647765565707,0.0592524648908607,"3"
108,"ILL 7747 AGL","Syria","Asia",0.798482098192273,-1.19842702443671,2.22410638121879,-0.337442098083432,-0.0646580544636253,-0.317320566647025,-0.095464118192851,0.295116203272364,-0.28089077178373,-0.0648896159803264,"5"
277,"PI 432124 LSP AGL","Iran","Asia",0.815963890214575,-2.17213486076202,-1.35927424062595,0.41917367748182,-0.117583885777587,-0.139398334362288,-0.0986823700667877,0.247382323553884,0.187941833208382,-0.305334976015909,"4"
324,"W6 27767 LSP AGL","USDA",NA,0.848880201288209,-1.03273190076622,1.99790274889429,-0.107308715764912,-0.122113181960559,-0.201308469461714,-0.273045652749468,-0.389329666900232,0.430358698103108,0.233879253004912,"5"
44,"Eston AGL","Canada","Americas",0.907744825302846,-0.829542288608316,-1.07436454762568,0.707710140909581,0.14001204990428,0.110534264755086,-0.707980761676607,-1.09914680372241,-0.581253899346356,0.133008471228221,"4"
46,"IG 1046 AGL","Egypt","Africa",1.04371055306844,-1.70548123939121,-2.12200431337764,0.163221393901396,-0.230987109817824,-0.527262221264795,-1.05084393977926,0.152902043089312,-0.318140562990939,-0.791454004842152,"4"
252,"PI 431705 LSP AGL","Iran","Asia",1.04418390943809,-1.12161176874427,-0.963664623338322,0.255534023538996,0.602138712425548,-0.69964615780392,-0.0716169783544941,0.264483315062242,-0.372162427091889,-0.0454342192735669,"4"
270,"PI 432001 LSP AGL","Iran","Asia",1.06016195875185,-1.55249785612945,-0.557269302164651,0.754953807317758,0.43672162373377,0.123901405508062,-0.0140623651417014,-0.506322959604399,-0.106485482646107,-0.0698386189857841,"6"
140,"PI 181886 LSP AGL","Syria","Asia",1.06284997527685,-1.03593468261026,2.07770949567993,-0.0525315987287392,-0.129986945489155,-0.0527468457286821,0.176401354680313,-0.207989218192676,0.531942222600677,-0.406655054807969,"5"
132,"PI 175754 LSP AGL","Turkey","Asia",1.06459859670053,-1.53385031379777,-0.584631578406413,0.381292044862796,-0.166716790792626,-0.0554122243981844,-0.342632543542317,-0.20483248000254,0.0875818732218984,0.397793473767677,"4"
171,"PI 297787 LSP AGL","Russia","Europe",1.06493407744034,-1.36114299771763,-1.11517177644598,0.833646161770919,0.0798212406319051,0.0730279017344475,0.0217930240420713,-0.326372152518314,0.302164978592793,-0.00188842469327329,"6"
71,"ILL 313 AGL","Israel","Asia",1.10898801238418,-2.09600137632158,0.827350420807328,-0.0648432794496369,-0.0280476850268792,-0.00771868968191344,0.0698357253526329,-0.236588784627738,-0.298301173339587,0.153020278684181,"5"
181,"PI 298923 LSP AGL","Italy","Europe",1.13759989574219,-1.88027185474087,-1.10058080108123,0.48833554545651,0.607261220606186,-0.291655246175905,-0.862600712594271,0.459303319881658,-0.121207962405172,-0.105613006340178,"4"
304,"PI 472588 LSP AGL","Egypt","Africa",1.15415106807114,0.0401716998212871,0.0243747357914225,1.17551778066208,-0.228258011452039,0.240839407138715,-0.555185354392941,0.258900920834237,0.925879497860376,-0.29368903126196,"6"
310,"PI 490289 LSP AGL","France","Europe",1.16251105759519,-1.6902419106276,-0.195028864353126,0.485346893384153,0.482852354576959,-0.0191861478616627,0.141812994925662,-0.140561917382454,-0.403892480681834,-0.271174733338163,"6"
195,"PI 299366 LSP AGL","Chile","Americas",1.16939460634666,0.285062426160833,2.53404689928025,0.367387099218749,-1.08514517696224,0.464870247469418,0.489715233629451,0.52903621047904,-0.784735038824414,0.149107136284021,"5"
78,"ILL 4609 AGL","Netherlands","Europe",1.19040352271576,-1.6716530412254,0.672929581218149,-0.623005002903011,-0.235620258037973,-0.496302889492703,0.574176015203427,-0.390136508116081,0.268306173989209,0.221159056883403,"5"
257,"PI 431731 LSP AGL","Iran","Asia",1.21236030014561,-0.394048757499023,-0.671229766388465,0.0282727943498411,0.13682962139797,-0.616121443797094,-0.0402994199648419,0.443371119883357,0.135061590899406,0.186384252089247,"6"
254,"PI 431714 LSP AGL","Iran","Asia",1.24946072736899,-0.68066422296509,-0.753159567522143,0.537734059861833,0.802413764593167,-0.216371239994543,0.577063519401442,-0.212718852888562,0.223805947506785,-0.113592796613989,"6"
76,"ILL 4400 AGL","Syria","Asia",1.25003261115748,-0.7816358408509,1.07573259955457,0.228646008158881,0.539936145984379,-0.200060000886514,0.158635227595547,0.0486509709711318,-0.207606228693546,0.694792526671544,"5"
256,"PI 431728 LSP AGL","Iran","Asia",1.27867933220139,-0.378399886312954,-1.51594726729009,0.623306842336873,0.24480221897521,-0.189283236167243,0.511942872179768,0.242400265643178,0.272654745070727,-0.0392386903522374,"6"
197,"PI 300250 LSP AGL","Syria","Asia",1.294159063486,-1.34378743022461,1.53853684362265,-0.149532901299463,0.495816832738521,-0.254395856379098,0.273010036968178,-0.280025495081313,0.228153350063141,0.11244544493853,"5"
47,"IG 1706 AGL","Ethiopia","Africa",1.3154422625181,-2.81384579951342,-1.3147143125728,0.449831674116735,0.47730260275217,0.0139629361484013,-0.185647525316661,0.226366462832545,0.15337843663039,-0.17032798385267,"6"
196,"PI 299375 LSP AGL","Chile","Americas",1.32496222926024,-0.978871479063408,0.492228367373851,-0.59155321724222,-0.0750676882882756,-0.770050234120731,0.393703330053995,-0.1215718102772,0.52283141541795,0.635722221015182,"5"
142,"PI 193546 AGL","Ethiopia","Africa",1.34407237181867,-1.78823129450234,1.69839956740706,-0.371064047082945,-0.227114791855617,-0.0796705465828812,0.158735154810894,-0.0981411951829432,-0.122842506934974,-0.411274161933831,"5"
194,"PI 299351 LSP AGL","Chile","Americas",1.34585433776463,-0.676934193669416,-0.664821176175102,0.101761788111618,0.790289234406122,0.964896306720308,-0.120781811613448,-0.0329036545761315,0.653769012771257,-0.371047799498189,"6"
24,"CDC Sedley AGL","Canada","Americas",1.37734010327698,2.40747465364002,0.122950994822824,-0.600814437486346,-0.0364150738894478,0.0589584896771567,-0.313765135715455,-0.0771304942421384,-0.0564670540158618,0.32028921556051,"3"
12,"CDC Maxim AGL","Canada","Americas",1.37911844557505,1.29452917370352,-0.10726643076872,-0.902950240352685,-0.0151643761069236,0.718134722861322,-0.182083070715347,-0.0770604162068915,-0.0647375469366571,-0.291820034827558,"3"
253,"PI 431710 LSP AGL","Iran","Asia",1.45387303610537,-0.981794825881925,-1.13769117331742,0.559063380730117,0.524774234548948,-0.222620269523735,0.677733092142048,-0.339624853603656,0.406794237421224,-0.432418204186145,"6"
147,"PI 518731 LSP AGL","Brazil","Americas",1.45994560309952,-0.0165961170559884,-1.04873428604188,0.0346122711250505,-0.174946489613927,-0.70372415954969,-0.127800977321564,-0.219247637818449,0.308699525848643,-0.289815295329449,"6"
283,"PI 432201 LSP AGL","Iran","Asia",1.52042924815129,0.387323312976323,-1.44861891483448,0.643947748123041,-0.764572330496141,-0.050813618860345,-0.283153143756866,-0.711074077057888,0.701808706139172,-0.255713492946245,"6"
10,"CDC KR-1 AGL","Canada","Americas",1.53117653664273,4.1113006061086,-0.802031402395143,-0.668106732646195,-0.956634122512524,-0.303115556878948,-0.139116714031839,0.020628040233734,0.905163905976973,-0.298476089717168,"3"
179,"PI 298921 AGL","Italy","Europe",1.57541966449453,-0.455639824259558,2.20007581478653,-0.168858047921218,-0.316879923751687,0.0525805847545237,0.175955586479691,0.229187406459588,-0.377527908026748,-0.115239277675646,"5"
178,"PI 298645 AGL","Spain","Europe",1.58558988464305,1.11630430379063,-0.199779759461839,-0.928383692728467,0.28155402537066,-0.0239505289759477,0.122848164152198,-0.378951668193785,0.00580314164864314,0.408328423954092,"7"
138,"PI 179330 AGL","Turkey","Asia",1.59158838764847,-0.939860244883439,-0.459828068133318,0.44575299676755,0.00695048142506089,0.0583316150506691,-0.381588979678275,0.205045173723977,-0.167650197453691,0.241772037993984,"6"
282,"PI 432190 LSP AGL","Iran","Asia",1.60275778094908,1.04505285914384,-0.761429634012507,0.154508421890634,0.19824639161807,-0.625044482196011,-0.11265611792381,-0.236584733669874,-0.559643605924233,0.18086125968197,"7"
5,"CDC Cherie AGL","Canada","Americas",1.60541961735283,1.4005642361084,0.721149977077666,-0.324237972033567,-0.963523166286033,-0.647046166002189,0.514704239787553,-0.153193940022535,0.281244527109426,0.376785944079598,"7"
248,"PI 431662 LSP AGL","Iran","Asia",1.62821034147118,-0.610666203084713,-0.975571559673915,0.723041280192902,0.552146316565014,-0.0957996015228939,0.238193775033039,0.102867907024911,-0.0167355601565933,-0.33277652173204,"6"
166,"PI 297287 AGL","Argentina","Americas",1.71559820355137,-0.249516947357251,0.212438129300726,0.522980983060769,-0.396764483251786,0.276722250723881,0.0916585642352824,-0.113281838994799,-0.233446282950581,-0.243858806540464,"6"
284,"PI 432212 LSP AGL","Iran","Asia",1.71770634962233,-1.39128452500818,-1.32150439634763,0.632236210981022,1.25913824248663,-0.0376841055503045,0.0329416992863612,-0.306676592076958,-0.155225569661344,-0.0302169555000738,"6"
146,"PI 207492 LSP AGL","Afghanistan","Asia",1.78971604311093,-0.189380257834873,-0.285886681497469,0.808518421512963,0.612185697284862,0.00370831604937171,-0.150492571808368,-0.45644121806394,0.32951447251741,-0.188819268210484,"6"
215,"PI 339283 LSP AGL","Turkey","Asia",1.7957786921049,-1.39434004165275,1.71678061573416,-0.222481279649058,-0.183797996904336,0.0438227509636152,0.488604992703969,-0.275431356150999,0.375803820099201,-0.638462868416631,"5"
40,"CN 108369 AGL","Libya","Africa",1.80209846240038,2.21771117792532,-0.09145081745091,0.259515544806301,-0.0788589382510415,-0.781195400574894,-0.370056291361751,0.0774618816779401,-0.483427095072087,-0.0771389248605473,"7"
165,"PI 297285 LSP AGL","Argentina","Americas",1.80223675172324,1.46174446829727,0.0607615743391099,0.930655334777673,-0.651389546529243,0.294250927117383,0.153264458929951,-0.605157485238218,-0.202915310490753,0.303656910100848,"7"
189,"PI 299177 LSP AGL","Chile","Americas",1.84535993791841,-1.31850568775123,0.255351986156514,0.408388237501696,-0.425684289150505,0.406464436648491,-0.0563650449794739,0.0196295437124222,0.0978410703736652,0.692740061270173,"6"
191,"PI 299289 AGL","Chile","Americas",1.90028971185638,1.56186324337973,-0.65769617912955,0.703196943433191,-1.27535180830029,0.0831567191875491,0.128780205838309,0.0626001215187822,0.134830155827859,-0.0700873814414778,"7"
238,"PI 426778 LSP AGL","Pakistan","Asia",1.91114764129974,-0.213654320821819,-1.11393198999591,0.49864178528873,0.38100854503971,0.556115668356959,0.048146294927384,0.511110758102732,-0.134510132202683,-0.0428712609282678,"6"
80,"ILL 4671 AGL","USA","Americas",1.94216670715954,-0.264735150689514,1.62311699208044,-0.0665923275061445,0.135817434974152,-0.136920042397359,0.156932894654276,0.201424275626803,-0.40124005979658,0.206814858550117,"7"
274,"PI 432033 LSP AGL","Iran","Asia",1.95299291384232,-0.416492295916614,-1.28290997773247,0.718634847276349,0.219839216302179,0.0276900167632844,0.617274394908753,0.194494379917557,0.152310466885339,-0.0749559546964874,"6"
279,"PI 432147 LSP AGL","Iran","Asia",1.96003814317657,-1.18190213684985,-1.6186157644476,0.583472597275257,1.21222803801527,-0.261975694358293,0.842385542937286,0.0154011436010198,-0.0772548716277967,0.257852525197821,"6"
255,"PI 431717 LSP AGL","Iran","Asia",1.9631727886629,-1.69614099320692,-0.840180846547649,0.511515184855052,0.623936354504222,0.0672043405224406,0.13223091678162,-0.0744502614338308,0.134051746568419,-0.329840894195631,"6"
139,"PI 181771 LSP AGL","Lebanon","Asia",1.98693002305749,0.326650417102443,-0.0753680419036345,1.01152241009372,0.217003101604265,0.383504455068744,0.153673645906476,-0.472443911345327,-0.221651014767487,0.137922980690051,"7"
232,"PI 383682 LSP AGL","Turkey","Asia",2.00872129652437,-1.36413449598199,-0.288121241535725,-0.0426246969918427,-0.938116608014511,0.0735865035425889,0.173543784137955,0.722479571627966,0.142402092069829,0.685688351490337,"6"
309,"PI 490288 LSP AGL","France","Europe",2.07080824102897,1.32119870519002,-0.966409687962032,0.205904378075952,-0.157075060266217,-0.390815397635156,0.240729791837363,-0.343926401330287,-0.0705132456039564,0.392139669110251,"7"
4,"CDC Greenstar AGL","Canada","Americas",2.07983342535076,3.09109401471844,0.457309961248602,-0.057095883834037,0.0870138884609766,-1.2057088866338,0.12181461027886,-0.207994548219819,0.204449191969456,0.455578968235245,"7"
21,"CDC Royale AGL","Canada","Americas",2.08669004779714,2.19942647502194,-0.202095699566979,0.52325715006149,-0.104399520567819,-0.384244179803697,-0.330609158177949,-0.756660299422608,-0.215007546214617,0.241574205372303,"7"
136,"PI 178971 LSP AGL","Turkey","Asia",2.0958993635565,0.16436368142117,-0.351947530941374,0.909343062109668,0.245291417876157,0.265500931551475,-0.193215226165716,-0.501298356537394,0.0451705278832934,-0.16374520988719,"6"
131,"PI 169534 LSP AGL","Turkey","Asia",2.09848480243571,0.498551051943323,-1.69948169837597,0.257196434599478,-0.212816261484051,-0.583550117255152,-0.705652347700667,0.258984951826135,-0.335043121848944,-0.097371340295755,"6"
243,"PI 431622 LSP AGL","Iran","Asia",2.14225578744444,-0.802184401243749,-0.256227061930585,0.0929724947467156,0.767765211077054,-0.42703842612512,0.111022436797748,0.468140731008226,0.368321390886939,0.299736979022383,"6"
169,"PI 297772 LSP AGL","Greece","Europe",2.1994838043206,-0.648345198754042,2.15711686994129,-0.667590204074778,0.199472347400577,-0.356124135511171,-0.0281747446846621,0.363653354204932,-0.263922409978835,-0.127207743553281,"7"
100,"ILL 624 AGL","Macedonia","Europe",2.20843518843039,0.163262033229832,-0.166918186300835,0.65480002353757,-0.178066782978613,0.258031519624851,-0.755578610342469,-0.0687365213453524,0.220175096755541,0.0839616547264941,"7"
164,"PI 290716 LSP AGL","Unknown",NA,2.21592673627238,-0.162922682374585,0.251842434550358,0.331985321261805,0.283249730494946,-0.161754137066768,-0.38287712569958,1.20738069456463,-0.476655076543988,0.613766444078414,"7"
249,"PI 431663 LSP AGL","Iran","Asia",2.23137797639726,-1.41247446060487,-0.751156823068658,0.653726044778991,0.532204817511898,0.257996683349603,0.325595369798165,0.295258930810945,0.334884614171122,-0.0155828545949942,"6"
133,"PI 177430 LSP AGL","Turkey","Asia",2.28655059038869,-0.308561490754754,0.595829872562314,-0.206459288296964,0.166354837616892,-0.46910945647418,0.710249257384182,0.903415098934091,0.108449960473907,-0.0352976069732675,"7"
17,"CDC Robin AGL","Canada","Americas",2.30782501991394,0.701941736188663,-0.477143264913767,0.886686319441893,-0.319991124411371,0.499720534482366,-0.806145501992621,-0.804027535802332,0.225481347756787,-0.109992955988876,"7"
285,"PI 432236 LSP AGL","Jordan","Asia",2.32497006145375,-1.55285608102313,-0.736262080095733,0.40326786157672,1.11021484667822,-0.121821114488655,0.445132670119172,-0.412046991628223,0.334058746643549,-0.431318957508146,"6"
260,"PI 431756 LSP AGL","Iran","Asia",2.32684652080202,-1.38742842500542,-0.823819578586196,0.779974517265907,0.579597337343322,0.460210852047335,0.766832477067687,0.00381240641833583,0.449017770106012,-0.371057105007148,"6"
167,"PI 297754 LSP AGL","Greece","Europe",2.33750423698242,-0.48456637739288,-1.52296718534549,0.730932890018375,-0.0107143883673488,0.136697924716345,0.103503362334555,0.153148018548623,-0.0401933948603809,-0.207073532458274,"6"
8,"CDC Imax AGL","Canada","Americas",2.34140193606314,-0.283278141845045,1.03328561510757,-0.124298922622988,0.0716885999368045,0.254601972897785,0.107185362430554,-0.784455472218944,-0.260602529590832,0.300022702837176,"7"
263,"PI 431863 LSP AGL","Iran","Asia",2.37352133113799,-0.2313370761121,-0.447075773287067,0.526858680715536,0.723076204712862,-0.194150206788367,-0.354647852094925,0.782636729700099,0.10720760416768,-0.296161390583154,"6"
192,"PI 299312 AGL","Chile","Americas",2.3867237722263,1.50328494338956,-0.222184276424773,-1.04856268378375,0.845961915782989,-0.279390751765054,-0.143238913979756,-0.0404704703214105,-0.0145109902598096,-0.316162430509585,"7"
174,"PI 298122 LSP AGL","France","Europe",2.39250996494358,1.1597071439615,-0.665940090345302,0.0855406434994073,-0.462308657473109,-0.35764849505098,0.30981248267519,-0.597692343824126,-0.360690394282501,0.496789771598399,"7"
199,"PI 308614 LSP AGL","Syria","Asia",2.43398116923504,-0.544149470652072,1.90053461216394,-0.463743904012374,-0.149783980717802,-0.0411966135350108,0.0225776962262275,-0.210382145916628,0.00432351812802902,-0.296336982219879,"7"
188,"PI 299165 AGL","Chile","Americas",2.48566083227668,-0.845837414215636,1.30247561876175,-0.112108626495576,-0.770241711872949,0.431791136436637,0.0903027140722383,-0.00986077157818674,-0.00262311664437204,-0.344939741262881,"7"
233,"PI 420818 AGL","Greece","Europe",2.50020149523128,-0.425074774696752,1.85008172090237,-0.488269137223695,-0.340268203230876,0.0153163292225246,-0.108680841441741,0.219678623237845,-0.392235590592226,-0.0744652713450921,"7"
216,"PI 339285 AGL","Turkey","Asia",2.56450152646275,-2.23663146088823,1.63823097744748,-1.39497966232417,-0.526904092124352,-0.361202820480324,-0.973505188317866,-0.329734658407972,0.094884815596172,-0.0464390491129791,"5"
291,"PI 468900 LSP AGL","Brazil","Americas",2.59496284818025,-0.132415561541699,0.0784822551198384,-0.362098674528711,-0.24896097712222,-0.319970302253143,0.776983186123969,0.100488936587955,-0.298762907678691,0.380779923582946,"7"
273,"PI 432028 LSP AGL","Iran","Asia",2.60079303917032,-1.07650595587083,-0.52724319638261,0.233461123893613,1.0742101160541,-0.19687692868359,0.133957521986618,0.120862069189223,0.0317081000033779,-0.175970412622093,"6"
128,"Laird AGL","Canada","Americas",2.60773931055975,4.20057417579474,-0.443041260513521,0.489714948112033,0.140926546150498,-0.781770212469063,0.131302528615363,0.288040285327444,-0.181942274106475,0.112879956394114,"8"
229,"PI 374120 LSP AGL","Morocco","Africa",2.62736159468741,1.46294319090771,1.81483725211606,0.539644169860865,0.155458732649752,0.424653347260199,1.00061555325696,-1.04927522721078,-0.643619513516184,-0.0561513021825812,"7"
151,"PI 212610 LSP AGL","Afghanistan","Asia",2.63048898358494,0.356343631605593,0.251946923101775,0.768857783099529,-0.413063007174786,0.535566191621445,-0.0207506895600839,0.136644935262929,0.304382720959852,-0.108548632908121,"7"
134,"PI 178939 LSP AGL","Turkey","Asia",2.65377853995994,0.318764665727911,-1.29390961102747,0.245459259048299,-0.214428005414607,-0.358971432181425,0.135272134158922,-0.0418608202870917,0.316222900589361,-0.333481596170306,"6"
162,"PI 289073 LSP AGL","Hungary","Europe",2.66148113122426,0.812502220547732,-0.244610277855432,0.617804749123063,0.0272456872865574,0.166892627009766,-0.153169134343053,-0.293678190672963,-0.623191191031158,0.208941039456753,"7"
269,"PI 432000 LSP AGL","Iran","Asia",2.66577495031003,-2.64921413501652,-0.637110400831691,0.01089526941774,-0.338920533230028,0.526959443009167,0.316593066387207,0.350511746477336,-0.303577849642008,0.0537094120393017,"6"
9,"CDC Impower AGL","Canada","Americas",2.67463170075799,1.77423026062778,-0.530561602977272,-0.0394369217048207,-0.117591636124683,-0.679718290152805,0.232444339012874,-0.611115430810592,0.0622583220844317,0.107562420560678,"7"
150,"PI 212100 LSP AGL","Afghanistan","Asia",2.67796066999473,-0.540290951693412,0.183389753166404,0.596885000480967,0.0175672828754585,0.454509453264307,0.482678473816268,0.403416618931783,0.510882366190739,0.117233011735835,"6"
11,"CDC LeMay AGL","Canada","Americas",2.69891391282244,2.07712954475147,-0.219760317112154,0.249715809363947,-0.66221234733983,0.255343197162209,-0.273444233649835,-0.281964213801738,0.0728365164319422,0.0970366835039181,"7"
226,"PI 374116 LSP AGL","Morocco","Africa",2.7203163536582,1.20014799511834,-0.534689495662968,0.849774444903685,-0.491182487316548,0.332002418404427,0.358358685563721,-0.181974328191868,0.200327730250469,0.030961291478113,"7"
143,"PI 193547 LSP AGL","Ethiopia","Africa",2.72706374887284,1.06386744548897,0.683796027855747,0.410501210117468,0.465572313957025,-0.12619711872371,-0.0685870457450054,0.0873868290466019,0.111104789935951,0.294536777814148,"7"
36,"CN 105864 AGL","Tunisia","Africa",2.73291635366224,0.414548041198324,2.01411998613534,-0.202055287307553,-0.150336484623383,0.0409251568393865,0.253529160498008,0.0582058312864249,-0.303314286913768,-0.349023566446915,"7"
86,"ILL 4956 AGL","Portugal","Europe",2.78303877909788,0.530529023184759,-1.01406535635291,0.795784102089255,0.276490591238795,0.456095760493584,-0.310399442307209,0.0966568810616606,-0.590200078130738,-0.161045124600163,"7"
193,"PI 299345 AGL","Chile","Americas",2.83876171184236,0.362852717446487,1.95902891780362,-0.274094076676518,-0.851713356068803,0.232581707364434,-0.16949658997102,0.0553617779649761,-0.507447666288567,-0.0538694581312839,"7"
39,"CN 106265 AGL","Egypt","Africa",2.85567791280834,0.920708776105761,0.211752777023307,-0.530806988443407,1.1092241339842,-1.10573884310772,-0.0451585749194631,-0.295707949515103,-0.665009034476526,0.863695731706472,"7"
204,"PI 320937 LSP AGL","Germany","Europe",2.87022641732469,4.51504961956402,-1.10143488229601,-1.75422815432295,0.512049982149296,0.920116509938283,-0.108125750966036,-0.0376714763665174,-0.108789291187503,0.600085453546831,"8"
251,"PI 431684 LSP AGL","Iran","Asia",2.91006655326444,-2.14110403767504,-0.541233279114653,0.269552251673116,-0.135680400165295,0.66031315255094,0.816452964890037,0.104055033483038,-0.0661817749457127,-0.315704563284686,"6"
237,"PI 426202 LSP AGL","Afghanistan","Asia",2.92772868383845,-1.43626700639792,0.217542499442447,-0.0183856442338697,0.293972916492545,0.210269424550731,0.550182213713807,0.472729973536116,0.0736346550131664,-0.147526144464672,"6"
223,"PI 368647 LSP AGL","Macedonia","Europe",2.92977241195039,0.281634865333673,-0.552604556912354,0.198209010155708,-0.0425616831680287,0.0966860810670176,-0.425677325221075,0.0463489792953787,-0.0626568371539779,-0.0850473811680433,"7"
160,"PI 283604 LSP AGL","Portugal","Europe",2.95679755250662,0.0511149152106857,1.39640079398564,-0.398859137952979,-0.0624558742765995,-0.0438919338659229,0.281309099124185,-0.0383866978942721,-0.490863077720224,0.017407092709208,"7"
35,"CN 105863 AGL","Tunisia","Africa",2.95722347506858,-0.738142650099407,1.34499420523941,-0.603694522980587,-0.454910151375656,0.0185494977034537,-0.231764890463715,0.429385784318393,-0.635074762735519,-0.0273274768365518,"7"
137,"PI 179324 LSP AGL","Turkey","Asia",2.97286136031896,-1.88884807427721,0.798611538118896,-0.754959067727857,-0.330220345705981,0.0656587914441664,-0.126003008612153,-0.0296836153479975,-0.217450406057858,-0.30728615759368,"6"
266,"PI 431888 LSP AGL","Iran","Asia",2.9740554361094,-2.02877921971872,-0.174852362420448,0.0217780879929149,-0.78521935143368,0.788634615627987,0.269069269833086,0.904010879982683,-0.5421976116206,0.144103114588375,"6"
264,"PI 431873 LSP AGL","Iran","Asia",3.00013851257717,-2.51171685476186,-0.414234288509454,-0.187706921786119,-0.117440701992342,0.307928457205678,0.120352354560071,-0.458266478209676,0.45732630392329,-0.170084673108409,"6"
211,"PI 320954 LSP AGL","Hungary","Europe",3.02319845628543,2.29348330795867,-0.208861775436064,0.858147913606614,-1.16009632651424,0.481659321874096,-0.425320825338442,-0.0605596781601002,-0.262375614833758,-0.094877011530846,"7"
149,"PI 211052 LSP AGL","Afghanistan","Asia",3.10293578256357,-1.54988941832207,-0.334523939950503,0.143028163314054,-0.486855220210391,0.643840062295583,0.3009591943303,0.436058592762185,-0.61291738394159,0.214279499956447,"6"
186,"PI 299163 LSP AGL","Chile","Americas",3.10656564516036,-0.598187023947875,0.508754771564655,-0.346988257757534,0.0319266857739119,-0.136044477152922,-0.362561718329615,0.821545404304153,-0.224370242249486,-1.02549798598629,"7"
20,"CDC Rouleau AGL","Canada","Americas",3.14386321215368,1.82989576578895,0.280434552865393,-0.17905657503413,-0.170991085541252,-0.265070528039182,-0.173193744820881,0.154180763949706,0.0869333162410498,0.153898644603312,"7"
90,"ILL 5480 AGL","Czech Republic","Europe",3.15406487834617,1.57396031044518,-0.75742536955421,0.0575459516606501,-0.210060370627823,-0.382361213470942,-0.0356964474513941,-0.0418449245163911,0.298940002533831,0.210547837272469,"7"
315,"PI 533693 LSP AGL","Spain","Europe",3.19528346048636,0.934786402199663,-0.225255140283356,0.61417002343293,0.504905920170327,0.0215633144248442,-0.217686416532845,0.217730356797802,-0.123300656752693,-0.105067195405247,"7"
130,"PI 163589 AGL","Guatemala","Americas",3.2362433375396,0.0109693944736981,1.90334302573612,-0.574340833934782,-0.427873803766522,0.0349457268971901,-0.12834486252087,0.22895800566314,0.0527668507514615,-0.385223682031975,"7"
222,"PI 358602 LSP AGL","Ethiopia","Africa",3.2862969332497,1.06930721497656,-1.21244536361682,0.711436842475596,-0.93023478623598,0.490680403394873,-0.169374044003934,0.185722607656569,-0.192213784491918,0.00942527692740018,"7"
62,"ILL 1762 AGL","Afghanistan","Asia",3.2942956656055,-1.63274029211072,0.367438750233493,-0.315478907958818,0.16251179863018,0.246438618632632,0.636709933307819,-0.576249553832543,0.257472139673557,-0.634626384947972,"6"
16,"CDC Redwing AGL","Canada","Americas",3.29601181925798,0.944234535692647,1.51799894274836,-0.0787259076050589,-0.172151055334189,0.164253847712487,0.104906278018896,-0.345658005221958,-0.496942643066049,0.163488147193849,"7"
207,"PI 320945 LSP AGL","Bulgaria","Europe",3.33754560166998,-1.02176131183206,0.671999497099528,-0.663445057974122,0.214391452842959,-0.186007127797528,0.55025520545498,-0.0502916376565526,0.383594645209615,-0.38224413284144,"6"
244,"PI 431630 LSP AGL","Iran","Asia",3.33870867672298,-2.07467765343663,-1.64202037179144,-1.30908341922634,-0.602092850809988,0.358128960826756,0.291132756647944,0.425558674239986,0.258636754730802,-0.557642678804548,"6"
200,"PI 311107 LSP AGL","Guatemala","Americas",3.35395219018809,-0.299076218182409,1.69132820441927,-0.693458150173853,-0.521574298841797,0.0263460385846243,-0.312249200758618,0.269350511678302,-0.0209758466716035,-0.241231936427589,"7"
278,"PI 432145 LSP AGL","Iran","Asia",3.40239430971445,-1.53810253998249,-0.971328156257675,0.173888299082238,1.33095774828136,0.0220578000866074,0.881902793186823,0.0803405671048023,-0.189734378398944,-0.188212331324495,"6"
7,"CDC Gold AGL","Canada","Americas",3.40421804727935,0.917123114654413,0.00122145215633442,-0.448242041980569,0.197285293177474,-0.671342316674389,0.505389427870582,-0.0854367839462367,0.159619477696679,1.12310288136941,"7"
6,"CDC Glamis AGL","Canada","Americas",3.41720812576708,2.98954645180697,0.26551015308113,0.102251010035259,-0.115104542509517,-0.559708790883338,-0.564505957535235,0.0544034834726121,0.0380013216613088,0.202474176326796,"8"
206,"PI 320941 LSP AGL","Ethiopia","Africa",3.4618712061439,-1.81855523908854,-0.645746796417238,-0.833326247495701,-0.573426799057385,-0.0251967221045784,1.02543063684175,-0.116409520876938,0.800876362289409,-0.437509539524194,"6"
267,"PI 431923 LSP AGL","Iran","Asia",3.50994150042115,-1.22538892679388,-0.0306014745079717,-0.294085409581072,0.253491918572611,0.174789102661831,0.214622165715662,-0.124246523760065,-0.20323902331178,-0.457136136785826,"6"
2,"CDC Rosie AGL","Canada","Americas",3.52849023924396,3.67895312692245,0.505575228054782,-0.15987330075634,-0.594672386034304,0.239648588167101,-0.318371834244006,-0.0107815320089239,0.108677907796985,0.0106650557217046,"8"
288,"PI 432286 LSP AGL","Egypt","Africa",3.53699649421982,0.114957989133535,1.38006584889339,-0.447023232617955,0.15562076081456,-0.0263731528022709,0.218083997086731,0.122577325738921,-0.462829981842172,-0.0938257638069044,"7"
1,"CDC Asterix AGL","Canada","Americas",3.54448236194707,0.440814288712303,0.0751601069104444,-0.111979676108047,-0.0593582625304431,-0.00733081469782029,0.807736373404227,-0.779843824404834,0.252931546296276,0.254186891473437,"7"
225,"PI 370481 LSP AGL","Serbia","Europe",3.55993285195404,0.155917610300381,1.68444003190844,-0.538604146015496,-0.304365094775576,0.0875203130354963,-0.034195070943105,0.0674176399825165,-0.0433907830042951,-0.279494478048798,"7"
314,"PI 533688 LSP AGL","Spain","Europe",3.59551159644409,-0.498235995533633,1.28031052967351,-0.735314359500148,-0.0884158023260614,-0.0569389371137025,-0.125158110443023,0.722003437345636,-0.328333371017074,-0.178204176974479,"7"
37,"CN 105865 AGL","Tunisia","Africa",3.59680833388688,-0.371308065897691,0.828210462683448,-0.0753640499478611,0.128634106983023,0.317356162763772,0.666759347984874,0.247056346251316,0.255580093655268,-0.46121999624714,"7"
14,"CDC Red Rider AGL","Canada","Americas",3.61754267078808,2.28011933661156,0.357335062376846,0.347783604290964,0.0989079401660852,-0.150878775805838,-1.16092540992065,-0.127276074512068,-0.263130007951705,0.179669926941188,"8"
158,"PI 273664 LSP AGL","Ethiopia","Africa",3.64860108698738,-1.82376088290874,0.0245390758387652,-0.391481721316373,-0.0846724042416025,0.361561803869871,0.588385708678701,0.246227805708509,-0.187627898261263,-0.490393831818837,"6"
250,"PI 431679 LSP AGL","Egypt","Africa",3.65279535792638,-0.277684881490376,-2.32686827700164,0.661540780674133,0.854252429118333,0.154472453076941,0.887990345615947,-0.153614260545043,0.0606027375498352,0.369955661898741,"6"
15,"CDC Redcoat AGL","Canada","Americas",3.77514153685897,1.78150207247957,1.72570872320349,-0.101743438652749,0.0321282321635025,0.0675585418004378,0.0823336783159398,-0.386621784234644,-0.644788260169519,0.25361469956579,"7"
168,"PI 297767 AGL","Greece","Europe",3.79692533774788,0.0210166940775844,1.05797499119666,-0.367794121704505,0.216349868379005,-0.00118353418386289,0.309986445712203,0.155856679417943,-0.28589308026477,-0.287170491374609,"7"
320,"W6 27754 LSP AGL","USDA",NA,3.86286490089499,2.73238168889673,0.224152390500154,-0.283480810444205,0.980914034966987,-0.827831769975931,-0.351410039972794,-0.369092885036951,-0.130028370958287,0.25859441354231,"8"
224,"PI 368651 LSP AGL","Macedonia","Europe",3.8963467502709,0.861237081815484,-0.695763535876046,0.705807867531141,-0.74507627313515,0.703439319287518,-0.542897125419255,0.605302612184356,-0.451436458866919,0.0438306718097502,"7"
271,"PI 432002 LSP AGL","Iran","Asia",3.91833074000319,-1.83105271677846,-0.226455919240053,-0.282400117745581,-0.437621529944202,0.585021256499978,0.322469116318985,0.383940039421416,0.177385072314045,-0.486440246931537,"6"
83,"ILL 4783 AGL","Czech Republic","Europe",3.92632163580195,0.667857329762503,-0.573299719746783,0.197977394940262,-0.102138625188482,0.244295222724713,-0.599118202695322,-0.382723044168031,-1.04616161578084,-0.476179263712041,"7"
205,"CN 105866 AGL","Tunisia","Africa",3.97515699067537,0.0400226496147606,1.07648801008894,-0.767473637028343,-0.195656447226218,-0.279020181984341,-0.825408266899323,0.710583752087653,-0.345741682018765,0.408989188397453,"7"
34,"CN 105862 AGL","Tunisia","Africa",4.01959172294695,-0.0132193021780819,0.578575972293388,-0.211761737411905,0.16812043143126,0.0941301816730279,0.247177294553405,0.575152075408381,-0.182737197093292,-0.0174050450508757,"7"
163,"PI 289079 LSP AGL","Egypt","Africa",4.01996513601132,1.15534409950996,0.0618698993667954,0.478965862974117,-0.503277294644312,0.53782968904529,-0.00337550724663519,-0.161728496117923,-0.176439775967834,0.0310375742022778,"7"
287,"PI 432271 LSP AGL","Turkey","Asia",4.07149402317435,1.92184060251577,-1.67364546294929,0.267905082255089,-0.441689843114613,-0.280287310197766,0.0852296223439356,0.443534064293557,-0.0575575782255993,-0.314695513004826,"8"
221,"PI 345627 LSP AGL","Ukraine","Europe",4.13215280685737,3.21284854529364,0.100813321031361,0.709563429975666,0.0890181116905957,0.0433700973993826,-0.197881335694688,0.367415771951516,-0.138129943084897,0.602539430870427,"8"
201,"PI 312175 LSP AGL","Mexico","Americas",4.14962281748361,0.56233366915257,0.818678043356469,-0.138680803026324,0.0814405853442103,0.246288066290375,0.38357173455746,-0.518539692745375,-0.410475631593086,0.0969830456568505,"7"
180,"PI 298922 LSP AGL","Italy","Europe",4.23511933259074,-0.990517699294263,0.235214370209079,-0.551639695015945,0.498372580909376,0.01730368152215,0.411147201634277,0.479415435728787,-0.22029421879731,-0.270454788906276,"6"
313,"PI 518734 LSP AGL","Brazil","Americas",4.26379762968355,4.38922104921483,0.0250702572797288,0.301039297129094,-0.885918188138235,-0.146845566987644,0.323989418796243,-0.162562368975372,0.724497082298511,0.0827771785714778,"8"
19,"CDC Rosetown AGL","Canada","Americas",4.38265862913757,3.49859705709377,0.995767975433774,0.869030507580945,-0.219940134909084,0.523331020436534,0.0499607659976208,-0.0145740278456493,0.0118533998841383,0.0723516441953348,"8"
13,"CDC QG-1 AGL","Canada","Americas",4.61156358322413,2.27950497081611,-0.68937662874535,0.725284196849759,0.592317240081447,0.1925687055472,-0.250981286115151,0.0941808222894384,-0.0313865041978136,-0.47680704400219,"8"
41,"CN 108370 AGL","Libya","Africa",4.6401272267422,3.31218064980532,-1.22596184461887,0.600454897285469,-1.41530665374074,0.28135466951873,-0.0987702400455904,0.371071479184828,0.489395757076635,-0.0720546162755008,"8"
312,"PI 518733 LSP AGL","Brazil","Americas",4.72152192624613,3.67537860439977,0.181950185147357,1.07136400238965,0.204299325870415,0.422115574454769,-0.106535873367012,-0.179388289317004,0.235799543896056,-0.169488295145367,"8"
176,"PI 298631 LSP AGL","Peru","Americas",4.82381043574436,1.23653475637934,-0.0304023658681872,-0.11894660661248,1.11557407243661,-0.306021405735425,0.0319042008181907,0.00649278977989197,-0.119430709343931,-0.599550417849242,"8"
177,"PI 298644 LSP AGL","Spain","Europe",4.8758711268111,2.21738855156204,0.636588624959155,-0.420744149496718,1.26756968356849,-0.822704028708981,-0.925252008929693,0.844870498183728,0.0246074658115684,0.406170636263038,"8"
50,"IG 4781 AGL","Algeria","Africa",5.00933387132061,0.351042543733128,0.554196308490891,-0.523101272957799,0.00838980992290727,-0.0538434227431233,-0.40311043355679,0.367224341307792,0.972632338689278,0.0125889210424965,"7"
85,"ILL 4875 AGL","Uzbekistan","Asia",5.19595043207071,1.03385880460886,-0.354247196144359,0.211304243787615,0.902543725595525,0.112106157226511,0.531752556444906,0.476734237651019,0.0560286322571924,0.407669926178597,"8"
87,"ILL 5058 AGL","Spain","Europe",5.33720950491929,0.639123659054981,0.943786729611409,-0.943060161940598,0.721641079937545,-0.363180098980124,0.0456015992515772,0.410753510856512,-0.260151198520976,-0.118434966317327,"7"
3,"3156-11 AGL","Canada","Americas",5.62048372566636,4.4241223530683,0.560729505173675,0.902765982260623,-0.0932141337933211,0.540757076327601,-0.161601441039477,0.271542686496069,0.293413640960653,-0.0230653566162944,"8"
292,"PI 468901 AGL","Brazil","Americas",5.79092395330936,2.64709924368262,0.738813007170686,0.251281190897887,-0.824674658679394,0.912182230589816,0.372068581451362,-0.280968649370115,-0.742408776894262,0.0207369565479441,"8"
209,"PI 320952 LSP AGL","Czech Republic","Europe",6.07994158658199,4.53828807528012,0.387628911829003,0.663561650794204,0.447268854902507,0.205344456692449,-0.151927341379685,0.232127538427384,0.211136470678527,-0.0570655758150116,"8"
148,"PI 209858 LSP AGL","Greece","Europe",6.49115500618628,2.88563805315233,1.67926261708971,-0.530055408236889,0.629788303467789,-0.0686656789162038,0.319839063558342,0.190320783017708,1.02702068828872,-0.703974996244067,"8"
161,"PI 289066 AGL","Czech Republic","Europe",6.62503290496839,2.58363253095195,1.89797723003281,-1.16574084013321,1.2065659072283,-0.67081367681503,0.00378452724917194,0.772908952110397,0.755181203580792,-0.608007097487004,"8"
210,"PI 320953 LSP AGL","Germany","Europe",6.6742018303903,2.07444756158374,-0.0306105189329105,0.0265055610079151,-0.599999108196528,0.83585492109511,0.287037515624961,-0.0515759590035257,-0.291545098315409,-0.00954810109822389,"8"
126,"Indianhead AGL","Canada","Americas",6.77019978728111,5.24596692245072,0.26280164028116,0.28059245853639,-0.222422328225588,0.0402664888384259,0.965882934598149,0.607877514772237,1.30187250214863,0.413372948587968,"8"
