"Entry","Name","a","b","c","RR","Environments","aP","bP","cP"
1,"CDC Asterix AGL",-0.0187716662822634,0.000337218421340274,0.00204558652125348,0.897834658449581,16,2.4104450958207e-21,5.42892861278693e-08,3.67737730460217e-31
2,"CDC Rosie AGL",-0.0146750282064116,0.000352470560585572,0.00169075691987598,0.8459236201684,18,1.99187258047008e-15,2.76437549481172e-07,1.07031693317471e-24
3,"3156-11 AGL",-0.0138803729777879,0.000356250257589655,0.00158730410706612,0.88276584969854,16,3.0500329596152e-18,3.33221014510908e-10,4.75980854197144e-29
4,"CDC Greenstar AGL",-0.0154056470321614,0.000429344832951,0.00168912844577084,0.820583864394007,17,3.55532629191704e-16,1.37853123009369e-09,6.85464514547363e-26
5,"CDC Cherie AGL",-0.0174208378413679,0.000394818141746095,0.00190886594317692,0.831963143249369,17,2.82102648175384e-17,5.54064681427696e-08,1.20146925953831e-26
6,"CDC Glamis AGL",-0.01561627916672,0.00038250619332076,0.00173496043070313,0.833369371206163,17,1.9775493062037e-17,8.54728150678823e-09,2.59407370543242e-27
7,"CDC Gold AGL",-0.0181937958037976,0.000414708187995799,0.00191209477656577,0.86912142554116,16,6.26776939366534e-19,2.18226109103795e-09,1.67727273686028e-27
8,"CDC Imax AGL",-0.0194152400169632,0.000279758748490445,0.00218850274315379,0.90781927629144,16,2.11189913669071e-22,1.80351455091115e-06,9.5189442879529e-33
9,"CDC Impower AGL",-0.0175066489321135,0.000382788043520127,0.00190004378252379,0.875524869407973,17,1.55015574928761e-19,1.05898338335989e-08,6.55938234508037e-29
10,"CDC KR-1 AGL",-0.0150687008495716,0.000588140365103193,0.00149319213192524,0.691224248414617,18,1.11566689648812e-09,3.12972556131245e-08,1.01141433625131e-15
11,"CDC LeMay AGL",-0.0170372373519495,0.00035474807515231,0.00189527390276896,0.856414807188775,18,1.11260403649051e-18,8.01403733696144e-08,2.96992411784691e-28
12,"CDC Maxim AGL",-0.0178391620794389,0.000372200386744099,0.00197025305960811,0.813386709337405,18,5.54817035750107e-16,9.51598267772189e-07,1.39400419783419e-25
13,"CDC QG-1 AGL",-0.0169362282288128,0.000407096290008721,0.00179165492889296,0.905610419421144,17,4.48604721970565e-21,2.79444398659251e-11,4.51656793705405e-30
14,"CDC Red Rider AGL",-0.0164290584856289,0.000386581084973854,0.00179812882112576,0.83336392467609,16,3.71184322413909e-18,6.95658060465919e-09,4.59273897944433e-27
15,"CDC Redcoat AGL",-0.0158726999998727,0.000281315026245441,0.00187489215175835,0.909812734158519,15,1.72784971762672e-20,2.0278835023537e-07,3.7423104839446e-32
16,"CDC Redwing AGL",-0.0171415123174633,0.000284316106967889,0.00198365170215265,0.899841049122125,15,3.43046184036108e-20,2.67522066602634e-06,4.96304434318351e-31
17,"CDC Robin AGL",-0.0191697706327629,0.000397759215981779,0.00203245759280827,0.874907823510358,17,2.36091422217724e-21,8.62049624257609e-10,3.36083283245279e-30
18,"CDC Rosebud AGL",-0.016804950545586,0.00059592786675994,0.00164128680508319,0.760517508481799,18,5.82069894662703e-11,2.45528274124338e-08,6.29099032212524e-17
19,"CDC Rosetown AGL",-0.0148253424009812,0.000334793059682081,0.0017085779394461,0.900071007399707,16,2.21540190454293e-20,4.64857412920067e-10,2.90337008261379e-31
20,"CDC Rouleau AGL",-0.0170449261344545,0.000334689508490782,0.00190856423885645,0.854733212434145,18,1.10864272155158e-18,1.20410326225627e-07,4.88213281678784e-28
21,"CDC Royale AGL",-0.0166472480369164,0.000427069056254193,0.00179194421172591,0.845735045844579,17,4.79198027856384e-18,2.23735375658479e-10,3.65434362931677e-27
22,"CDC Ruby AGL",-0.0165716251177076,0.000619346711971303,0.00162896066828033,0.741557868571417,18,1.29615116489108e-10,1.38985287036659e-08,7.51100560034552e-17
23,"CDC SB-1 AGL",-0.0226834499606913,0.000495237115560387,0.00226622018039968,0.824011153842119,18,6.16624452476813e-19,7.59718151475322e-09,1.17127853300067e-26
24,"CDC Sedley AGL",-0.0164369333669059,0.000432090013778777,0.00178387280915519,0.791557026008335,18,6.75950260951322e-15,3.79065509313196e-08,1.00745349890331e-23
25,"CDC Vantage AGL",-0.0175361431646427,0.000524694850369989,0.00179029776647312,0.787763699864085,18,4.42669877220482e-13,3.19130465358781e-08,1.70722105107447e-20
26,"CN 105604 AGL",-0.0188530590993635,0.000428111779003268,0.00210200387022675,0.832721698171125,18,3.05316208649997e-17,4.97755151216894e-08,1.02916659790933e-26
27,"CN 105605 AGL",-0.0241837410412167,0.000566577746760854,0.00234348477402448,0.82256529639412,18,1.32422548286955e-17,9.63055107996326e-09,8.87059835610412e-25
28,"CN 105715 AGL",-0.0251028541684223,0.000477412577712177,0.00252849609044348,0.863866906498907,18,2.37604363666491e-22,2.2772082809059e-09,1.54951825549956e-30
29,"CN 105732 AGL",-0.0191076669475507,0.000558988289902811,0.00187197313864892,0.847840421426195,18,3.81667642669872e-16,3.55104859271938e-10,2.73266852110806e-23
30,"CN 105767 AGL",-0.0232851407432815,0.000586641111655561,0.00228177792881719,0.844494604929053,18,2.24751738132222e-17,2.35379771218252e-09,9.99346462944951e-25
31,"CN 105777 AGL",-0.0203401749417175,0.000625955284960711,0.00207907317685527,0.841777617635861,18,2.01929881700125e-17,8.58006445077925e-12,8.89447679262132e-26
32,"CN 105789 AGL",-0.0199239525525083,0.000435887677817185,0.00225612071502782,0.776049541440132,18,9.906906007068e-15,2.34200143002298e-06,1.56659879310433e-24
33,"CN 105791 AGL",-0.0178325413808352,0.00082362032789461,0.00168679937263957,0.788100430164126,18,1.62443697548903e-10,4.52094714435183e-11,3.8149976521875e-16
34,"CN 105862 AGL",-0.0189392168173607,0.000312546588339948,0.00208850811088657,0.904573257064987,15,4.40729206482397e-22,2.67747180543972e-07,1.0416386211428e-31
35,"CN 105863 AGL",-0.0193558288893879,0.000251636877108399,0.00221678084119723,0.889071006370425,14,1.16592169663556e-21,1.96262650945071e-05,3.76075345101922e-33
36,"CN 105864 AGL",-0.0172897758446795,0.000228021845194476,0.00207726442678168,0.908736356973321,14,1.70325372545493e-21,1.79713207186179e-05,5.74113804780044e-34
37,"CN 105865 AGL",-0.0190166238086651,0.000275616625684726,0.00214618757334887,0.917966963024025,14,6.43306270590243e-24,2.80850130874269e-07,2.38284384421555e-35
38,"CN 105895 AGL",-0.0177646589821386,0.000498972481159658,0.00198170754739302,0.826674474180193,18,5.66493750676745e-16,1.88866853141225e-09,1.84056712467742e-25
39,"CN 106265 AGL",-0.0177828544003165,0.000365320725312842,0.00194445388596368,0.873944139263299,17,1.49838566508654e-17,2.96046559144199e-07,4.94711873652687e-27
40,"CN 108369 AGL",-0.0167158761128132,0.000418944518643289,0.0018179154267016,0.853149577345429,17,4.26179342280365e-18,7.02232387097446e-10,1.12744712692547e-27
41,"CN 108370 AGL",-0.0167100090480766,0.00047313661501811,0.00169975403734945,0.835029149981255,17,1.11761196286339e-16,2.94929200331079e-10,1.24935076274635e-24
42,"Crimson AGL",-0.0156804776087309,0.000507412144928306,0.00168744311872413,0.738828579034662,18,1.01456332141136e-09,2.68407623560371e-06,1.08303805007098e-16
43,"DPL 62 AGL",-0.0189954225605622,0.00055364317906423,0.00204474368817746,0.794746967730405,18,7.08890300927323e-14,1.69245803063427e-08,1.6541673105241e-22
44,"Eston AGL",-0.0217240167128442,0.000394776078535258,0.00227146086148513,0.858617723266615,18,4.37699841673641e-22,2.22343943936907e-08,1.80000049469968e-30
45,"Gudo AGL",-0.0201991732278126,0.000266592644113004,0.00236413362144943,0.902821081515349,18,7.54516039294037e-23,4.92450173762084e-06,3.1246833679913e-33
46,"IG 1046 AGL",-0.0234543602733191,0.00046816438062412,0.00233776655445275,0.830554862499175,17,1.27590681280078e-19,5.44496258882309e-08,1.10706533901926e-27
47,"IG 1706 AGL",-0.0244837142828601,0.000401223915753453,0.00249501259035347,0.896506991806272,16,2.54012107024514e-27,6.69158093602454e-11,2.98878389927636e-36
48,"IG 1959 AGL",-0.0223324186479011,0.000414821287694001,0.00232617481884802,0.820474418026054,17,1.15533105394415e-17,1.78491745016974e-06,3.68236566727e-26
49,"IG 4258 AGL",-0.0199293586501487,0.0004077373844909,0.00224393532904485,0.84418709681589,18,2.40138934499456e-18,1.61535898687424e-07,1.19626616040365e-28
50,"IG 4781 AGL",-0.0182651124776497,0.000357959038976618,0.00196534181219934,0.86674980110303,15,8.32217816403522e-20,8.6265980424251e-08,2.56757322180253e-28
51,"IG 858 AGL",-0.0224693060687009,0.000426322306123265,0.00230539760325804,0.849205743455548,18,1.38509377506193e-19,2.42740838233202e-07,2.58102309894227e-27
52,"ILL 10657 AGL",-0.0193892228290189,0.000496294220651698,0.00213316558462028,0.755177241878084,18,6.67797025969567e-14,3.27408953134096e-07,6.11438409248886e-23
53,"ILL 10748 AGL",-0.014193247271595,0.000680954357120068,0.00150394251907385,0.783818173439947,18,7.44346466309931e-10,2.1673807296901e-10,4.99120143513318e-16
54,"ILL 11547 AGL",-0.0180054100835757,0.000604448050671315,0.00191516458689568,0.714454648052553,18,2.37237348515342e-11,3.41705238046472e-08,9.89145703847351e-19
55,"ILL 11548 AGL",-0.019345883162624,0.000689471591605811,0.00192053705144021,0.800764143683692,18,4.8726665196948e-13,5.32257503603689e-10,1.25719857821497e-19
56,"ILL 11553 AGL",-0.018222882904492,0.000467160271417891,0.00205614012261496,0.783205163712556,18,3.2772525382209e-13,1.65318476774113e-06,1.07463150411772e-21
57,"ILL 11555 AGL",-0.0180861680717831,0.000634162671737381,0.00188933660667008,0.7474373711904,18,1.67332325090723e-11,1.22852308299355e-08,4.46829471379969e-19
58,"ILL 11557 AGL",-0.0181523509957751,0.000683847825529876,0.00183651777597529,0.774982829722991,18,2.79577927976146e-12,3.91369717026537e-10,2.28668210315195e-19
59,"ILL 11558 AGL",-0.0189643761007361,0.000651109520184028,0.00194150051586243,0.819501560545971,18,1.18008860075278e-14,5.21574219645034e-11,2.37480006424589e-22
60,"ILL 1220 AGL",-0.0228503246804326,0.000449677066690225,0.00231023665179214,0.868520508212091,17,4.42353196034176e-23,6.60061242658085e-10,8.76301772844095e-32
61,"ILL 1553 AGL",-0.0229956760225313,0.000502638408834135,0.00229802943810192,0.903296037342711,18,1.44887489634784e-22,3.0052576443391e-11,2.21918315404131e-30
62,"ILL 1762 AGL",-0.0208806832407695,0.000285079080938885,0.00229584379164775,0.912243248750114,14,5.87199656275377e-24,7.31220354062555e-07,1.39783448798632e-34
63,"ILL 1983 AGL",-0.0195407203835578,0.000365323058952336,0.00221242349150236,0.917469957836047,18,8.37704745444136e-24,1.00762832670284e-09,7.11335354544785e-34
64,"ILL 213 AGL",-0.0232723908603942,0.000325047840567313,0.00251682851980085,0.867490049058372,16,2.35686354634103e-27,1.1623245375376e-08,1.74686166734069e-37
65,"ILL 2194 AGL",-0.0217666196432822,0.000226612471930388,0.00249286591261345,0.916049215088417,17,5.30762193736877e-24,0.000135083753087562,2.79596588034037e-34
66,"PI 431893 LSP AGL",-0.0199138223525986,0.000641735642109948,0.00186292327584383,0.817136718905421,18,9.64667988647998e-15,4.15609427286086e-10,3.58353146523186e-20
67,"ILL 2507 AGL",-0.0185995648755108,0.000454564381425879,0.00209596373388194,0.813460780510814,18,4.7411090873757e-15,2.38352481826122e-07,1.62241824679295e-24
68,"ILL 2580 AGL",-0.0217887177895292,0.0003531784290291,0.00241415670957185,0.903990090148204,17,5.83106636912953e-24,2.15614251626573e-08,2.29543437522639e-34
69,"ILL 28 AGL",-0.0206234969081093,0.000249843193812161,0.00237506100944116,0.877376863442171,16,4.77282412218341e-22,6.20179087547641e-05,6.68643710352744e-33
70,"ILL 3025 AGL",-0.0201217862173026,0.000383589760948331,0.00228125882020459,0.903182172586491,18,2.92360505703074e-23,1.32864181464773e-09,2.58720711697798e-33
71,"ILL 313 AGL",-0.021913682647779,0.000293963191091365,0.0024162703585228,0.924282542616364,16,5.80718307905815e-27,4.80842612953998e-08,7.84283841958724e-38
72,"ILL 3347 AGL",-0.0191831105498512,0.000437812758421594,0.00214483940254739,0.858355301132281,18,9.95596269526102e-18,2.87011216187124e-08,1.54174875122059e-27
73,"ILL 358 AGL",-0.0213612757928372,0.000311160193034609,0.00238784373764569,0.890516745230617,18,4.21214280687606e-25,5.63387674881812e-08,1.85135186467694e-35
74,"ILL 3597 AGL",-0.0215834524455359,0.000335144554487024,0.00243194147592646,0.919909373053623,18,9.7348048869252e-25,2.82008458434552e-08,8.74856497564811e-35
75,"ILL 4164 AGL",-0.0206294000703119,0.000224187102819672,0.0024353198934774,0.903410876138494,15,9.03870762447779e-25,2.52410123056558e-05,3.09103420238884e-37
76,"ILL 4400 AGL",-0.0198911470605223,0.000308645014939964,0.00222159842162313,0.914293333314797,15,7.70665707897779e-24,6.81923924842304e-08,4.82102607556966e-35
77,"ILL 4605 AGL",-0.0149022284971595,0.000698806402896576,0.00155075966181536,0.749468234267266,18,5.13814956527628e-08,1.56409876898411e-08,7.26763957651314e-14
78,"ILL 4609 AGL",-0.0212430819210399,0.000243819170694588,0.00240961015803164,0.905753786312947,16,2.57241467322585e-24,2.59716812837278e-05,1.97950727083264e-34
79,"ILL 4665 AGL",-0.0190150272587902,0.000361151037965179,0.00208461167895839,0.872054314415277,18,2.63830269306384e-19,2.92855220039528e-07,2.61284447295151e-28
80,"ILL 4671 AGL",-0.018582624563664,0.000282210117493365,0.00213489689079541,0.910259306472681,15,2.1099610766637e-22,1.20064450735373e-06,9.44691355482757e-33
81,"ILL 4768 AGL",-0.0211982658190053,0.000417841038148608,0.00236577926764804,0.758785979244303,18,1.09875027411243e-15,5.14029447835688e-06,1.9911241815959e-25
82,"ILL 4782 AGL",-0.0217329674655727,0.000450765163724212,0.00237641903855986,0.796022209404575,18,1.66977007494683e-16,6.55068831209733e-07,1.11937717498069e-25
83,"ILL 4783 AGL",-0.0187448202217303,0.00035861271372547,0.00201317720816914,0.872876356470106,16,1.66907953461764e-20,3.28131275579372e-08,3.15103436942134e-30
84,"ILL 4804 AGL",-0.0215479713518684,0.000292975481741178,0.00241708284917475,0.903693539718213,17,2.99422294655484e-26,2.43272701013679e-08,2.06908326557026e-36
85,"ILL 4875 AGL",-0.01824611283589,0.00038699076021458,0.00191345783261528,0.914381062433833,15,5.18726427733997e-23,4.55847146932043e-11,1.41927508248382e-32
86,"ILL 4956 AGL",-0.0196960207211073,0.000421643702100093,0.00203517304181256,0.90163349997258,17,9.54285515485907e-23,4.09718953824304e-11,3.21314463963424e-31
87,"ILL 5058 AGL",-0.0174791015134975,0.000281138688804235,0.00198197558025128,0.876409423532028,14,1.11249798664225e-18,5.34962529965136e-06,1.04829151847615e-29
88,"ILL 5151 AGL",-0.0197679890563761,0.000235101955764912,0.00233366941425511,0.89601881436284,16,2.57068241483009e-23,3.37021818341087e-05,7.41677056649841e-35
89,"ILL 5209 AGL",-0.0200050933158994,0.000232911616839259,0.00237057124810163,0.856971439683427,17,5.58260704507724e-22,5.31515661730519e-05,2.25501632137316e-33
90,"ILL 5480 AGL",-0.0183241316299704,0.000413105976712591,0.00191943784055352,0.859324955271071,18,6.79258662622557e-20,1.21695913799526e-09,2.77995466796082e-28
91,"ILL 5639 AGL",-0.0206480059478978,0.00038309385967882,0.00223981027336222,0.777321776806546,17,9.1151453685491e-17,4.16188510095901e-06,5.87056592266226e-26
92,"ILL 5722 AGL",-0.0229876094278461,0.000701509817461331,0.00214402323621217,0.850248320055044,18,1.92989609222592e-17,1.07172458163271e-11,4.85510148935482e-24
93,"ILL 5883 AGL",-0.0211386279393998,0.000265796875195395,0.00242617614175506,0.862834139885262,17,7.91786691347755e-24,3.57826555325328e-06,4.95279333036946e-35
94,"ILL 5888 AGL",-0.0146965106533019,0.00143241681362331,0.000903227270714473,0.833405664685111,18,2.54783718823109e-05,3.02163665617672e-13,5.97877750487907e-05
95,"ILL 5945 AGL",-0.0196909161993515,0.000453155121530744,0.00221171182217481,0.778215302794426,18,9.4622440337169e-15,9.57211658537854e-07,1.30454463335622e-24
96,"ILL 6002 AGL",-0.015005494318884,0.000712459710795806,0.00156302238199855,0.768708966335926,18,2.23789594562274e-09,4.7616972970781e-10,5.14471046310191e-16
97,"ILL 618 AGL",-0.0226886972021371,0.000468460808480405,0.0022895875887102,0.888383137191991,18,1.54534007484751e-23,3.02793270338844e-11,6.82758056730414e-32
98,"ILL 6182 AGL",-0.0196391067441825,0.000274830416614088,0.00230511610843858,0.878645447278257,17,2.55100296334517e-22,4.75541991890027e-06,3.19160082208951e-33
99,"ILL 6211 AGL",-0.0143353877234848,0.000642615610023463,0.00154586105012304,0.757856943004454,18,4.29984947808233e-10,2.90462321443647e-10,3.30048740594581e-17
100,"ILL 624 AGL",-0.0197562569122338,0.000382710972640678,0.00209937440561546,0.888368716506725,17,4.97612049190755e-24,1.26945699622743e-10,2.2288404653881e-33
101,"ILL 6821 AGL",-0.0207764931048513,0.000180116673610184,0.00248443761119751,0.905588536085095,14,2.05478548983199e-24,0.000659071670470651,4.04880985323108e-37
102,"ILL 6853 AGL",-0.0181023949062663,0.00021421429018847,0.00220830850381165,0.860642463686354,16,1.35344660680466e-19,0.00045949984690143,4.60543003383535e-31
103,"ILL 7089 AGL",-0.0237967961703435,0.000495187130771283,0.00236495418588766,0.886848338954084,17,5.96418363853386e-24,2.83582097457722e-11,7.11742737685482e-32
104,"ILL 7558 AGL",-0.0149310823454035,0.00061995399408683,0.00161529312348256,0.772948040888351,18,1.65557633073136e-10,3.7778905145767e-09,8.34848329579977e-18
105,"ILL 7663 AGL",-0.0146714114857404,0.00120122543774318,0.0010986929841467,0.777568626740221,18,1.9927888282712e-05,3.98793765481331e-11,1.55796650311081e-06
106,"ILL 7668 AGL",-0.0191238263712611,0.000476742556525433,0.00207692669578345,0.847565137014326,18,1.90749858351452e-18,1.15678212795151e-09,4.78321723456415e-28
107,"ILL 7716 AGL",-0.0146387984834282,0.00073544784475078,0.00148193711141799,0.767346377403458,18,5.41080530263389e-09,2.06819010517093e-10,7.40929833116259e-15
108,"ILL 7747 AGL",-0.0194253505995584,0.000210756434168666,0.00231843343422175,0.891940111109515,15,9.39082653246156e-23,0.000212335886028863,1.62078547170887e-34
109,"ILL 7946 AGL",-0.0212579151535447,0.000289210839502724,0.00242100668210551,0.870712468656726,17,1.37251541220335e-23,1.43960207720006e-06,3.52691081974509e-35
110,"ILL 7978 AGL",-0.0184748229819286,0.000446417129155317,0.00211749572277885,0.725010645970981,18,2.5116652361991e-12,7.58189518134067e-06,1.14180018828075e-21
111,"ILL 7979 AGL",-0.0176887757582395,0.000415537674876443,0.00205564201319754,0.797197519892318,18,3.97472829199934e-14,1.99326327217245e-06,3.71076316857177e-24
112,"ILL 8007 AGL",-0.0201902939202147,0.000676571133838521,0.00204533069829179,0.873493447160907,18,2.04845428516475e-16,7.49444586884646e-12,4.03976761083738e-24
113,"ILL 8009 AGL",-0.0201417780043662,0.000597239562948131,0.00209536245203631,0.795207161099636,18,4.74412917962111e-14,8.32516379746122e-09,4.3095339788034e-22
114,"ILL 8010 AGL",-0.0194089095307392,0.000604895674507863,0.00200596586384171,0.821103742119722,18,8.33097910805249e-14,4.4174145129441e-09,1.27866344473268e-21
115,"ILL 8072 AGL",-0.0213677829268911,0.000253519715042567,0.00242721285641912,0.886835014100108,15,1.63440217486793e-22,4.76139083764048e-05,1.50975792295479e-33
116,"ILL 8174 AGL",-0.0206538142973808,0.000555357893828496,0.00203570537690577,0.73708402918923,18,3.43539371544252e-11,5.5346793027678e-06,3.4591792508326e-17
117,"ILL 8595 AGL",-0.0217688201252903,0.00068703265734545,0.00200723949617952,0.753177353461814,18,2.36098261035779e-13,5.70634049598066e-09,4.50995403536444e-19
118,"ILL 9 AGL",-0.0219732288152038,0.000507503652300049,0.00228976375508797,0.768879476844247,18,1.20848747287885e-15,2.76684356740383e-07,8.33791386203535e-24
119,"ILL 975 AGL",-0.0201713480452719,0.000174525460799872,0.00246558109453986,0.904272337642212,16,6.2953447332987e-25,0.000373898377310198,5.78988169278075e-38
120,"ILL 9888 AGL",-0.0223253530049631,0.000399238050621253,0.00240446717029735,0.789011565675733,18,1.57523085291894e-17,3.29952530774002e-06,3.31218108754629e-26
121,"ILL 9932 AGL",-0.0207385718770464,0.000436004571352772,0.0022670501430505,0.805171178358646,18,4.04470931517737e-16,9.5292289440073e-07,2.72150418497232e-25
122,"ILL 9945 AGL",-0.0213081404081692,0.000317663746469073,0.00245864245098072,0.909169253181986,17,2.29321292720468e-25,1.97776148764129e-08,1.97282314315799e-36
123,"ILL 9977 AGL",-0.020439562663141,0.000476609572929524,0.00222978837141404,0.780884742710036,18,9.01299420122146e-15,6.42584610431923e-07,7.14962594368519e-24
124,"ILL 9997 AGL",-0.0181007078716665,0.000558586412680757,0.00196188415163886,0.775621961270952,18,1.08945569904263e-12,3.32794782455808e-08,2.6451924275082e-21
125,"ILWL 118 AGL",-0.0181038082008967,0.00047806833411343,0.00194358737325872,0.803831330912298,18,4.05348001700106e-13,9.66951347789092e-07,1.02293638439261e-20
126,"Indianhead AGL",-0.0135466479308833,0.000356492742805798,0.0015328159155642,0.879291493010561,15,5.69472031852575e-17,3.46353059730641e-09,2.50086787165183e-26
127,"IPL 220 AGL",-0.0196492323276315,0.000596969761528934,0.0020682141954121,0.773189220425132,18,3.78599385788403e-13,2.30311601040831e-08,5.86329250997762e-21
128,"Laird AGL",-0.0147730645107197,0.000501797727829543,0.00154237038808056,0.84245667689604,18,1.9608471265567e-15,2.30082041868243e-11,2.17995914006593e-23
129,"LIRL-22-46 AGL",-0.0147492185160823,0.000888692512358925,0.00138065698628279,0.755673002673096,18,1.05238583334431e-05,2.22914146894802e-08,4.15941831385452e-09
130,"PI 163589 AGL",-0.0178276106038167,0.000260078003331449,0.00208183984801771,0.902343234665673,14,6.40381668550902e-22,2.1834963431063e-06,3.3356804671493e-33
131,"PI 169534 LSP AGL",-0.0202320188232633,0.00050040983311653,0.00200618997249469,0.844331402274095,16,3.21147384981955e-18,1.29852424391024e-09,2.62623696250953e-26
132,"PI 175754 LSP AGL",-0.022447317758234,0.000372136249109371,0.00236111261613085,0.911306759021344,17,2.21323043926658e-26,2.02648768579851e-09,5.06568267011375e-35
133,"PI 177430 LSP AGL",-0.0195434044399246,0.000283878956374933,0.00219725371823141,0.893372364883372,16,3.48078465529145e-22,4.57651719132599e-06,3.4548470099513e-32
134,"PI 178939 LSP AGL",-0.0199188309308526,0.000405749985819729,0.00207470819933308,0.842235042407424,17,4.6262702934434e-20,2.29487879937494e-08,1.75519165471568e-28
135,"PI 178952 AGL",-0.02228042046085,0.000469893465677063,0.00225369682851118,0.872997250863381,17,4.07429886823493e-22,2.72918029044426e-10,4.41762151727042e-31
136,"PI 178971 LSP AGL",-0.0195746245135615,0.000385882490140457,0.00208385204295034,0.912300154386492,16,3.25008738916091e-24,7.9716120634061e-11,1.91983907421329e-34
137,"PI 179324 LSP AGL",-0.0210780680211194,0.00027379224721512,0.00233815710597529,0.899431071039111,14,5.71573579512789e-23,5.05494165183123e-06,2.2126439234945e-33
138,"PI 179330 AGL",-0.021458333512182,0.00033663780911213,0.00230104257261691,0.90849089976664,18,2.56626136260868e-25,7.49794409066096e-09,3.37842981911043e-34
139,"PI 181771 LSP AGL",-0.0192447425134948,0.000372932158931131,0.00207208971972276,0.925830964694772,16,3.76630739445809e-26,4.82236295490734e-12,1.63464347271194e-36
140,"PI 181886 LSP AGL",-0.0192591664910443,0.000218608580481479,0.00228672158269244,0.887465773402475,15,6.54263338490841e-23,7.54844839269763e-05,5.86515648627114e-35
141,"PI 182217 LSP AGL",-0.021993713022822,0.000417838920279882,0.0022804093554737,0.868427030719842,18,3.00704401523845e-20,5.28598159251792e-08,3.46569569448593e-28
142,"PI 193546 AGL",-0.0204470584246609,0.000218147111268062,0.00238081232158093,0.902140348850411,14,5.96946799603061e-24,5.27193570599754e-05,9.20965174497267e-36
143,"PI 193547 LSP AGL",-0.0175320127841251,0.000299888988729817,0.00200366774095894,0.901791271139702,17,1.28065311767169e-22,6.00454578968748e-08,5.06415644048473e-33
144,"PI 193548 LSP AGL",-0.0202372262998471,0.00046565376477778,0.00224921010512524,0.779413287943623,18,9.01459622319217e-16,2.39052766498428e-07,1.91525591236921e-25
145,"PI 193550 AGL",-0.0200583551096951,0.00057125943476231,0.00213846865881095,0.737828743251698,18,6.80241508141962e-14,3.14898930206534e-08,1.54538194033474e-22
146,"PI 207492 LSP AGL",-0.0199720639863297,0.000380549002825659,0.00212689966740671,0.90629708818904,16,1.35663135521217e-23,3.85492155566667e-10,3.15318299389793e-33
147,"PI 518731 LSP AGL",-0.0204020563030291,0.000435753143295158,0.00210664364401011,0.837220113378161,17,4.64203438596189e-20,4.04288807981894e-09,6.12849625106203e-29
148,"PI 209858 LSP AGL",-0.0142703629947632,0.000255784135311815,0.00172890685574431,0.859853335706899,13,2.32397788226073e-17,5.12022375261026e-06,2.53610364377576e-29
149,"PI 211052 LSP AGL",-0.0219148375877499,0.000342913093672877,0.00231670664399989,0.927570521526772,15,1.13907394933557e-24,1.44334570162639e-08,1.21174707149949e-34
150,"PI 212100 LSP AGL",-0.0203521046802711,0.000341110997808189,0.00219175187014457,0.924747884501171,15,6.03339732691117e-27,9.52402065142661e-11,3.91134417381111e-37
151,"PI 212610 LSP AGL",-0.0190912362667217,0.000361377902393808,0.00206516613324559,0.917381256239676,16,9.91496736983946e-25,9.32474621475332e-11,8.78127520123975e-35
152,"PI 217949 LSP AGL",-0.0220093710335127,0.000324267035178855,0.00246477754097448,0.874207393647233,17,1.45195058336357e-21,1.85914706432145e-06,4.81480973687817e-32
153,"PI 238758 LSP AGL",-0.0196432811721665,0.000610867755166073,0.00186568923600773,0.786726673472173,18,2.22508697509067e-14,1.50741532755352e-09,8.05956202460088e-21
154,"PI 244046 AGL",-0.0199387724205375,0.000755058934067144,0.00197333318259816,0.816163407220632,18,1.54019431516774e-13,2.77887068503281e-11,1.0308762263896e-20
155,"PI 250156 LSP AGL",-0.021592538581018,0.00029373037918212,0.00240762327740319,0.892895045139034,16,4.95048945974811e-24,8.63599805337897e-07,1.41627796372254e-34
156,"PI 250158 LSP AGL",-0.0185117972084681,0.000487599210040874,0.00208247180823828,0.765149581637917,18,5.53182071402801e-13,6.26316549790018e-07,3.45623000002355e-22
157,"PI 251248 LSP AGL",-0.0217350699952379,0.000811217026719962,0.00208567873474659,0.845722460568674,18,6.59519807777665e-12,1.80472539357534e-09,6.66215496429618e-18
158,"PI 273664 LSP AGL",-0.0216071274890688,0.000301793559044358,0.00233126102468092,0.899863993516957,14,1.06426334539715e-23,5.11745356825125e-07,8.44535648375259e-34
159,"PI 280686 AGL",-0.0191901071059357,0.000544864327648067,0.00204847357728953,0.782325716313827,18,5.80276128282662e-13,1.41177960772297e-07,3.42901080001233e-21
160,"PI 283604 LSP AGL",-0.0182498256104304,0.00025108122920829,0.00212277039698593,0.916437316928069,16,2.42340494892287e-21,4.61967973131268e-05,4.24188341325027e-31
161,"PI 289066 AGL",-0.0143645523935522,0.00025905343162162,0.00173704883314431,0.8290198827345,14,1.1775128193741e-15,2.07810322765275e-05,2.6559189828774e-26
162,"PI 289073 LSP AGL",-0.0186422807800522,0.000356380188291917,0.00202711442529312,0.914134294917302,17,2.62970497077078e-24,3.71499587244106e-10,3.29757741456445e-34
163,"PI 289079 LSP AGL",-0.0179774561937878,0.000318636789087645,0.00199160896873608,0.94272288148843,16,5.43770314885629e-22,4.59525559586253e-08,8.10802731644135e-32
164,"PI 290716 LSP AGL",-0.0198670677047517,0.000358526190944522,0.00213967324894538,0.91112034336154,16,1.28812814074572e-22,8.25606298583561e-09,1.24352653928355e-32
165,"PI 297285 LSP AGL",-0.0177544063385113,0.00036265712181028,0.00196287646503173,0.926821162459118,17,6.26588853665619e-24,9.05999512966069e-11,1.62501040942577e-33
166,"PI 297287 AGL",-0.0197798114361522,0.000294935375245688,0.00221246128795329,0.930973412163982,17,3.16663927802087e-25,5.46364094193408e-08,2.05174686292765e-35
167,"PI 297754 LSP AGL",-0.0213774183055505,0.000410813743096056,0.00219719729442544,0.90837174654564,17,4.20475349286661e-25,6.11134279454482e-11,1.81344748118248e-33
168,"PI 297767 AGL",-0.0184459844980908,0.000273315352829186,0.00209845474513577,0.906481852530415,14,6.54332696492495e-22,1.13342707914038e-06,8.42732318614586e-33
169,"PI 297772 LSP AGL",-0.0186002235877103,0.000211791371626599,0.00222115074910792,0.885026029726487,14,3.40920689427021e-20,0.000380082531865961,2.34648750184723e-32
170,"PI 297783 AGL",-0.0206234192013008,0.000515072840489505,0.00223118324331961,0.790948396599077,18,1.14116704532072e-15,4.44505351247778e-08,8.42108189391824e-25
171,"PI 297787 LSP AGL",-0.0224124913147955,0.000396197724650966,0.00232569195326115,0.917323721077624,17,2.17478151894742e-26,1.0942533254171e-10,2.99923872501686e-35
172,"PI 298023 LSP AGL",-0.0233029781169147,0.000478885393511562,0.00233333308569619,0.89638176836119,17,2.63226327782297e-24,1.99792680277537e-11,2.93843085165569e-33
173,"PI 298121 LSP AGL",-0.0201158156141274,0.00055259282968101,0.00200983757932141,0.755121051853608,18,1.68210872920769e-13,1.03577632284651e-07,2.59674182006124e-20
174,"PI 298122 LSP AGL",-0.0186030812438115,0.000380550919530965,0.00199686545858315,0.900012141203295,17,2.06672193581387e-22,9.45497476726841e-10,6.91852884625959e-32
175,"PI 298357 LSP AGL",-0.0227131287406332,0.000532568482896143,0.00223107275994386,0.835154120111684,18,3.76024620001632e-15,6.46448236321449e-07,4.9670700972896e-22
176,"PI 298631 LSP AGL",-0.0174236217685476,0.000367053921273515,0.00188186571656817,0.884646053113946,16,3.71675058102509e-19,4.75280945932612e-08,1.38855071768647e-28
177,"PI 298644 LSP AGL",-0.0159056713373999,0.000351744816262047,0.00177630334179069,0.81693870340171,16,5.32112264617289e-16,2.58209133496014e-07,2.37700574707488e-26
178,"PI 298645 AGL",-0.0184703443344913,0.000347169165180703,0.00203681575614166,0.872024591631882,18,2.92852051631054e-19,3.83962540688399e-07,2.27421542703564e-28
179,"PI 298921 AGL",-0.0182943017757939,0.000221423964159534,0.00219951947381785,0.917402229991892,14,1.57661346571165e-22,2.97835516544773e-05,1.80782978756972e-34
180,"PI 298922 LSP AGL",-0.0201266074484762,0.000324782439945891,0.00217393382506964,0.92130499841341,16,3.9977186082195e-23,1.12160639840705e-07,6.28662811650331e-33
181,"PI 298923 LSP AGL",-0.0231234655932154,0.000416405392003319,0.00236671713343601,0.893344041912859,16,6.20992652624066e-25,2.32923446626843e-10,1.71547825557751e-34
182,"PI 299116 LSP AGL",-0.0212722857808799,0.000391399887804928,0.00227180440814261,0.889687829111791,17,8.92530993208654e-22,1.26721449086709e-08,4.98523237825224e-31
183,"PI 299120 LSP AGL",-0.0195635324036859,0.000508793543426432,0.00203767459956072,0.78187525235299,18,9.60267390105359e-14,3.52399286654647e-07,1.077334573455e-21
184,"PI 299121 LSP AGL",-0.0197897486682782,0.000417684138836701,0.00218402555552482,0.806921334487277,18,1.37823217599867e-15,1.73095724154469e-06,4.38730607665127e-25
185,"PI 299126 LSP AGL",-0.0217364878747538,0.000275067795938862,0.00248895137308637,0.924153975709156,17,5.97416116962196e-26,7.87535603777333e-07,1.16701964604639e-36
186,"PI 299163 LSP AGL",-0.0193824808192732,0.000281843673378812,0.00218387770145925,0.851754767384951,15,1.84036813395194e-21,2.58721619408598e-06,4.20138357176805e-32
187,"PI 299164 LSP AGL",-0.0204431191490778,0.000320228723425862,0.00225948254991043,0.886765825218409,18,7.37392601385616e-24,4.60562813481065e-08,5.22465621188322e-33
188,"PI 299165 AGL",-0.0195915276571836,0.000243019730866271,0.00225530131436682,0.9089442310131,14,7.65134681286309e-23,1.51130749809959e-05,1.40138981717123e-34
189,"PI 299177 LSP AGL",-0.0213079969060841,0.000279170907362239,0.00235791076978946,0.926526725842786,16,1.01882841084639e-25,1.54409808728691e-06,2.93147424865882e-35
190,"PI 299237 LSP AGL",-0.0199681990512551,0.000427456669180445,0.00211144331174753,0.841079105187801,18,8.43991437359333e-19,9.90670619006199e-09,3.72343086365748e-27
191,"PI 299289 AGL",-0.0185546195021243,0.000422839497538893,0.00195629476890916,0.881356817585676,18,7.76999370544859e-20,4.50183375774711e-10,2.91312979583978e-28
192,"PI 299312 AGL",-0.0175555864616664,0.000340575457004576,0.00195685896546863,0.846955169346104,18,3.77062542335091e-17,2.50676507948141e-06,3.64672264465764e-26
193,"PI 299345 AGL",-0.0176044765020465,0.00024697196541989,0.00207953852326773,0.877285362574468,15,8.22060251880623e-20,5.97406935565568e-05,5.20802506177826e-31
194,"PI 299351 LSP AGL",-0.0207887960567993,0.000388843300934709,0.00219887470087104,0.862045627631637,17,6.64296211831024e-21,2.36776340657593e-08,3.47378049079832e-30
195,"PI 299366 LSP AGL",-0.0173524966158847,0.000188532256248716,0.00216611279068278,0.830923844679432,14,1.88816779609285e-19,0.00102335748475333,2.04123318689149e-32
196,"PI 299375 LSP AGL",-0.0206223848730689,0.000285766229425127,0.00230321362648554,0.884120297989968,16,9.67636195691384e-22,1.54854742394983e-05,1.43733978250167e-31
197,"PI 300250 LSP AGL",-0.0200461180462675,0.000265833220891788,0.00229468887548681,0.902026629988324,15,3.52454011990213e-23,5.91266169943981e-06,2.65491456073442e-33
198,"PI 302398 LSP AGL",-0.0207632656469325,0.000394657958300108,0.00228381874286894,0.784800150640259,18,4.40963044292321e-18,7.54511905687354e-07,3.20404842670547e-28
199,"PI 308614 LSP AGL",-0.0184209695562885,0.000235124491032134,0.00217130235519941,0.895025779163195,14,9.98757859308421e-22,2.11584113819479e-05,3.09190968640756e-33
200,"PI 311107 LSP AGL",-0.0183612600185926,0.000233690644824706,0.0021493365281382,0.861173930917604,14,4.91048913863103e-21,4.60390832237845e-05,6.67351786219816e-33
201,"PI 312175 LSP AGL",-0.0178847340565511,0.000312239222470171,0.00199741003966559,0.899005827430076,15,6.2391316726263e-20,9.17535740565188e-07,6.83691542677007e-30
202,"PI 320935 LSP AGL",-0.0248557063381518,0.000387771726307191,0.00256723921544764,0.90167107678016,16,2.71205908288829e-28,1.77913977984411e-10,3.57468616977095e-38
203,"PI 320936 LSP AGL",-0.0145250285393608,0.0004722419521041,0.00166509325952592,0.753655009485512,18,4.95950995703574e-10,8.37271835690439e-07,1.68014670967316e-18
204,"PI 320937 LSP AGL",-0.0148511214783948,0.000510240650300471,0.00152808205192745,0.781284426794954,18,2.58975096881137e-09,1.49877618057822e-06,3.50582084811699e-15
205,"CN 105866 AGL",-0.018593610856514,0.000293172054016674,0.00208321039581493,0.858146380158763,15,1.00502001446115e-17,3.46717536082639e-05,5.76345672068344e-28
206,"PI 320941 LSP AGL",-0.0222116153464364,0.000321685902895088,0.00235838512362375,0.89438009679662,16,1.07971948675914e-21,6.23219058573775e-06,3.70829293969663e-29
207,"PI 320945 LSP AGL",-0.019786938842743,0.000232163636600114,0.00226350096605895,0.906110787388159,15,1.69997037442677e-22,5.76484457279385e-05,5.25318943827312e-33
208,"PI 320946 LSP AGL",-0.0214111090684358,0.000234500812605575,0.00246720526309607,0.91718202356266,16,1.60576028113849e-24,8.4132774550043e-05,8.91475239338443e-35
209,"PI 320952 LSP AGL",-0.013922769666091,0.000379844151916131,0.00155311250319429,0.870674416080617,16,2.73718092604954e-18,6.28267788927453e-11,1.63535580663825e-28
210,"PI 320953 LSP AGL",-0.0168227503692977,0.000340047623853823,0.00182966635654052,0.880473653001247,15,1.5803568475805e-19,2.69233577382608e-08,1.97178709387713e-29
211,"PI 320954 LSP AGL",-0.0169252039419747,0.000376054929217323,0.00185698768797987,0.875595172488315,17,4.69731312883744e-20,2.13963777562178e-09,4.33869597202383e-30
212,"PI 329157 LSP AGL",-0.022721994499685,0.000431121642353008,0.00234677090973992,0.869892156686162,18,4.18885589595955e-23,4.62048907701172e-10,8.54383399028147e-32
213,"PI 329167 LSP AGL",-0.021479942957683,0.000416199311236104,0.00225687464342309,0.878844057596824,18,5.27889392366232e-23,5.50318016548248e-10,2.40818230517808e-32
214,"PI 339266 LSP AGL",-0.024611494703119,0.000518865212131349,0.00241169171963516,0.896556181195215,18,4.35289323336392e-23,4.06803695425231e-11,2.75130792235851e-30
215,"PI 339283 LSP AGL",-0.0198824886608728,0.000222025275476148,0.00232132610401614,0.861908721250657,14,5.09148046657391e-21,0.000233703731795837,4.10594156082698e-33
216,"PI 339285 AGL",-0.0208902920321824,0.000255333181683908,0.00236267973579503,0.861404280508216,14,8.72896612287565e-22,4.75189969021038e-05,2.07778085861352e-32
217,"PI 339289 LSP AGL",-0.0248675359980189,0.000445532988574996,0.00249932075244734,0.854426871738111,18,4.96065183257561e-21,4.52217646408993e-08,3.86023308756365e-29
218,"PI 339292 LSP AGL",-0.0237281807438701,0.000466669736475183,0.00237018511289607,0.886539264778834,18,2.09776532650357e-23,2.00093898358083e-10,9.17481721508658e-32
219,"PI 339296 AGL",-0.0246024668100641,0.000563635128882018,0.00234644972549179,0.86925902821176,18,4.74151535515251e-20,8.292294184254e-10,1.6209937457231e-26
220,"PI 343026 LSP AGL",-0.0219479160547386,0.000467561159970088,0.00222476667378693,0.888509679024526,17,1.81897310622605e-23,2.52215466639022e-11,1.32703827534258e-32
221,"PI 345627 LSP AGL",-0.0156942064464562,0.000359631196967857,0.00174611323165448,0.899638606072853,18,7.17429677954004e-21,2.81766218205145e-10,4.16332447266164e-30
222,"PI 358602 LSP AGL",-0.0193963476466141,0.000396497484890805,0.0020334660741981,0.883663465529446,17,1.71848501371282e-21,1.48704115851696e-09,1.61519447659227e-29
223,"PI 368647 LSP AGL",-0.0196369135665857,0.000338747953771338,0.00212122880212431,0.879887297151173,18,5.09136355681521e-22,6.15364361308785e-08,8.34864237661022e-31
224,"PI 368651 LSP AGL",-0.0192323865639387,0.000368483236778211,0.00203984051389415,0.886189420819057,17,1.88308454367359e-21,3.00348477269386e-09,1.65730868085978e-30
225,"PI 370481 LSP AGL",-0.0177773612866017,0.000251849240549291,0.00207732689705805,0.883917515717737,14,2.21842112854283e-21,6.12564149272794e-06,6.11430816857063e-33
226,"PI 374116 LSP AGL",-0.0184882075287505,0.00039291349621114,0.00197054199846072,0.911730011650259,17,4.19826520615661e-22,1.10371294986081e-10,5.49480795110336e-31
227,"PI 374117 LSP AGL",-0.0222119099701208,0.000322639928507594,0.00241788381100563,0.935217306100041,16,2.81944247710392e-28,2.12725395338232e-09,1.3330457241901e-38
228,"PI 374118 AGL",-0.0208284131249208,0.000262814190069011,0.00240146041269688,0.930858230933292,15,1.6792185706581e-27,1.03679101852049e-07,2.41044626470328e-39
229,"PI 374120 LSP AGL",-0.0161223099459046,0.000259522255645648,0.00193997589305789,0.937509872380515,14,3.92649099413368e-22,2.22286613545267e-07,1.01872444871563e-34
230,"PI 374121 AGL",-0.0199776503681447,0.000365275334482929,0.00217898756199968,0.863160630835385,18,1.18670613554399e-18,1.47104627599585e-06,9.6474245328351e-28
231,"PI 379368 LSP AGL",-0.0201609249827099,0.000329310032952091,0.00222430214846039,0.888471279238586,18,1.34439136195148e-23,3.31553452195723e-08,3.34894994711918e-33
232,"PI 383682 LSP AGL",-0.0221125359337903,0.000352742706975581,0.00233556941626758,0.877266968897709,16,9.67328747033084e-24,5.35973820472513e-08,2.13644248704963e-33
233,"PI 420818 AGL",-0.0184569221869031,0.000225591924168624,0.00218175583025533,0.890032670810288,14,6.15849113563052e-22,3.44685440581854e-05,7.58185957027894e-34
234,"PI 420924 LSP AGL",-0.0198714231075735,0.000220474896938061,0.00235871641260948,0.878422618357026,15,1.70919046911371e-24,1.53203582126254e-05,1.16630309720838e-36
235,"PI 420925 LSP AGL",-0.0174932391391185,0.000164466892632232,0.00221571197333626,0.912008417957542,14,6.48863833106239e-22,0.000829677684047237,1.03605845610018e-34
236,"PI 420929 LSP AGL",-0.0181989324557985,0.000213834376030814,0.00221805762927551,0.899455205089645,15,1.67156600646001e-21,0.000194001911250915,3.51066263648827e-33
237,"PI 426202 LSP AGL",-0.0212145822240886,0.000318014129285555,0.00229209859301173,0.924469061523663,15,1.35125151129924e-25,5.00968044587124e-08,1.41617665618476e-35
238,"PI 426778 LSP AGL",-0.0209521706498023,0.000378837739607854,0.00220246549630966,0.913646352137608,18,1.72565911921428e-25,2.06662246640401e-10,3.18387258431827e-34
239,"PI 426784 LSP AGL",-0.0186464936508046,0.000482402399751121,0.00206340897549466,0.820905258306411,18,8.52220292622933e-16,1.67945721570318e-08,1.30443389689724e-25
240,"PI 426797 LSP AGL",-0.0198269713714119,0.000428061329238385,0.00222165650785311,0.837584159656987,18,8.63873369210324e-17,5.4225065376985e-07,2.32649317044306e-26
241,"PI 426807 LSP AGL",-0.0219172756051504,0.000287079431418081,0.00246008339036045,0.90152898337891,16,5.84527696708421e-27,8.31480009122553e-08,3.34336389027952e-38
242,"PI 431618 LSP AGL",-0.02091508789941,0.000467843896447385,0.00215803977780817,0.823056831630348,18,1.38331627940167e-15,1.15954327175497e-06,3.73463048489681e-23
243,"PI 431622 LSP AGL",-0.0206772077707144,0.000329633494300333,0.00224018803491539,0.906361627290614,17,5.02150186142663e-23,5.98540191164103e-07,5.79559551355955e-32
244,"PI 431630 LSP AGL",-0.0233351340502234,0.000314093946499103,0.00245259314843933,0.865241673258448,18,4.43182861135839e-23,5.76650192830431e-06,3.00063480574399e-31
245,"PI 431633 LSP AGL",-0.0216875147910014,0.000470890967822975,0.00222107860051076,0.907762432545891,18,6.09560922282909e-23,2.62436577923296e-11,3.61314173178809e-31
246,"PI 431636 LSP AGL",-0.0231152399380363,0.000400942569577988,0.00240184915725345,0.892700432180732,18,4.44711079258911e-25,5.49991344103019e-10,2.3309289605938e-34
247,"PI 431643 LSP AGL",-0.0233727785233352,0.0004382364429448,0.00238183779913474,0.891102896069701,17,1.78404761852019e-25,5.1788064943783e-11,6.9209010713366e-35
248,"PI 431662 LSP AGL",-0.021014848029596,0.000388617188092295,0.00220863811686113,0.916281427651879,17,7.59570848255613e-25,6.35630423717945e-10,1.67052186726968e-33
249,"PI 431663 LSP AGL",-0.0220746440242167,0.000380535986934902,0.00229863699840394,0.921243287456783,16,3.30250936597212e-28,6.00507683422323e-12,9.11355762754954e-38
250,"PI 431679 LSP AGL",-0.0212349243167828,0.0004526580571304,0.00211036504729586,0.942366334578624,17,2.27889148498074e-27,9.63082354404148e-14,1.22851758866416e-35
251,"PI 431684 LSP AGL",-0.0228372577702895,0.000370753033992508,0.00236479660930452,0.937965383501686,15,4.04714587619481e-27,7.10755529905516e-10,9.22260839569296e-36
252,"PI 431705 LSP AGL",-0.0217904130135357,0.000404801453942036,0.00226893316330488,0.903888983411296,17,9.0484333193981e-24,7.66436439079676e-10,1.12575759683926e-32
253,"PI 431710 LSP AGL",-0.0217587836718142,0.000418188130905416,0.002239476549505,0.910261515394573,17,2.34890726206905e-24,3.87011545998631e-10,3.34342315708091e-33
254,"PI 431714 LSP AGL",-0.0211049425469312,0.000368922299943608,0.00223754190374203,0.928129068734711,18,1.34244683685366e-26,6.82901741853282e-11,2.48910408165341e-35
255,"PI 431717 LSP AGL",-0.0223391137833283,0.000385646332404914,0.00231866261260373,0.916984761465273,16,1.94545755634122e-26,1.00492917942881e-10,4.68927404616318e-36
256,"PI 431728 LSP AGL",-0.0214673889218752,0.000445057343380072,0.00217919414698802,0.914907717349335,18,1.15151587816557e-24,4.659437593077e-12,1.25126032008301e-32
257,"PI 431731 LSP AGL",-0.0207134984338623,0.000374100250417475,0.00220561570484085,0.899342417728184,18,4.67901900397209e-23,5.80634320030889e-09,2.55635064556736e-31
258,"PI 431739 LSP AGL",-0.0208504501860979,0.000443667472904737,0.00215944481741881,0.867858075077969,18,5.27457960727573e-22,1.19732852174341e-10,6.08807288235664e-31
259,"PI 431753 LSP AGL",-0.0224965022870382,0.000427384144625457,0.00230299836067004,0.874140945663652,18,1.08691817673366e-21,7.92355821530189e-09,2.89925711434698e-29
260,"PI 431756 LSP AGL",-0.0222921688837538,0.000370456856088442,0.00231837101903684,0.93719258155069,17,1.99792177699702e-28,1.25535214654127e-11,1.19072013455197e-37
261,"PI 431809 LSP AGL",-0.0230568815163355,0.000409855379512838,0.00237891947784048,0.825773877082556,17,2.39349432956952e-21,6.0292139047265e-08,1.43472785657677e-29
262,"PI 431824 LSP AGL",-0.024047230210312,0.000401721452937403,0.00248101322102219,0.898012081278251,17,2.25704427182676e-25,2.11149125933415e-09,1.13091538241741e-34
263,"PI 431863 LSP AGL",-0.01991971038495,0.00037717774557076,0.00212226847789502,0.895365952317986,16,2.34619049977442e-24,2.06722729130633e-10,1.29615641666943e-34
264,"PI 431873 LSP AGL",-0.023066252713151,0.000330950699796144,0.00242695522319749,0.894257730340026,16,9.801846967788e-25,9.88790348616033e-08,3.24626734441628e-34
265,"PI 431884 LSP AGL",-0.024350854652823,0.000423278712088879,0.00247647219714866,0.880774956185207,17,6.44228753701701e-23,2.02332657501468e-08,3.78741265857234e-31
266,"PI 431888 LSP AGL",-0.0227018242677495,0.000340187794514436,0.00238802696293547,0.92032648653053,15,5.4825086359495e-25,1.03872392248385e-07,2.22606656105202e-34
267,"PI 431923 LSP AGL",-0.0205953569887616,0.000304924052458239,0.00224282674952645,0.907522089097874,15,3.75960331592381e-23,3.12137466837488e-07,3.38014372450815e-33
268,"PI 431980 LSP AGL",-0.0232112811232893,0.000455489112040309,0.00233658022488595,0.914584855828482,17,6.30188149515648e-26,1.65307591262092e-11,4.61060237072012e-34
269,"PI 432000 LSP AGL",-0.023996763454866,0.000348804526259317,0.00248894324538599,0.911626345951388,15,3.14877473509339e-25,1.22477504407311e-08,1.92997969523875e-34
270,"PI 432001 LSP AGL",-0.0221404101384142,0.000363683842628332,0.00234479244774863,0.925996478188309,16,2.53946276651461e-27,5.95993810414784e-11,1.28162852202359e-36
271,"PI 432002 LSP AGL",-0.0218531683728437,0.000307710728262864,0.00233944405458546,0.905635307249207,15,4.99975747274593e-25,1.52050495276636e-07,1.92038841224771e-35
272,"PI 432005 LSP AGL",-0.02098839512622,0.000331899107262088,0.0023137779023943,0.892612940881563,16,1.38829560607881e-25,4.93622835562725e-09,2.37433329370113e-36
273,"PI 432028 LSP AGL",-0.0209309747443604,0.000371659591270481,0.00220244207943645,0.917155125522139,16,5.44624197003248e-25,1.72354372609637e-10,1.28964983503615e-34
274,"PI 432033 LSP AGL",-0.0211793570132992,0.000438008325797561,0.00215861029173872,0.921132086347181,17,4.0770724740319e-26,1.46582404178719e-12,6.5177966844782e-35
275,"PI 432085 LSP AGL",-0.0230985093124062,0.00032006726640161,0.00251923406130159,0.898247499744318,17,9.77371920306984e-27,2.78240799545303e-08,3.36629271921596e-36
276,"PI 432106 LSP AGL",-0.021822811307901,0.000398005395029675,0.00227984722210199,0.883672850852099,18,3.30341535666129e-22,1.03854363070549e-08,1.02117665590164e-30
277,"PI 432124 LSP AGL",-0.0238696608319687,0.000407699464675545,0.00244302749344428,0.899585892725619,17,1.77471171103127e-26,2.46585865899334e-10,1.09927447582982e-35
278,"PI 432145 LSP AGL",-0.0217037185844443,0.000383927183745162,0.00223767038259561,0.939476194810719,16,1.47631907862467e-24,5.76053726845226e-10,1.1666255835446e-33
279,"PI 432147 LSP AGL",-0.022207675365276,0.000449421807591976,0.00222874964629455,0.932087598628457,17,1.18616293963167e-26,3.67863754522611e-13,2.2002227228658e-34
280,"PI 432184 LSP AGL",-0.0243050154565002,0.000432653949304333,0.00245992398960453,0.877797190412854,17,2.3055631934759e-25,3.85293443011545e-10,2.88601621480357e-34
281,"PI 432188 LSP AGL",-0.0224393711101414,0.000467271743255189,0.00228834425304789,0.849588244560021,18,1.86814659378603e-20,3.84421158124723e-09,3.53487506535699e-29
282,"PI 432190 LSP AGL",-0.0187935508733582,0.000426451759932094,0.00197815653301444,0.878152568005598,18,1.78402282127172e-20,5.82761932975335e-10,1.76076981747873e-29
283,"PI 432201 LSP AGL",-0.0206413534136106,0.000459143493827398,0.00209195151092184,0.860800945691252,18,1.39243070053629e-18,4.05939571925054e-09,1.75367448290695e-26
284,"PI 432212 LSP AGL",-0.0224244478095091,0.000402376229122109,0.00230238166002776,0.930433722002065,17,2.02597244843981e-26,9.9273983217925e-12,3.94314555671758e-35
285,"PI 432236 LSP AGL",-0.0218410580634786,0.000392378996252553,0.0022658922503387,0.931293671671127,16,6.31388899567221e-26,4.84352265703653e-11,4.03501181704802e-35
286,"PI 432245 LSP AGL",-0.0225894573839412,0.000445555483503658,0.00234235441442122,0.895852595509307,17,5.57876818233739e-25,1.24986453903415e-11,2.22559403007809e-34
287,"PI 432271 LSP AGL",-0.0182128362286253,0.000462401467538564,0.00184074931850911,0.862226782606821,17,3.82935688214133e-19,2.317015314343e-10,2.02469623944062e-27
288,"PI 432286 LSP AGL",-0.0180137046567923,0.000280402465123305,0.00206427086696912,0.914910511388626,14,2.79384917918473e-21,8.89903149361268e-07,3.59404582996598e-32
289,"PI 451763 LSP AGL",-0.0216378581809124,0.000659823696253592,0.00204039414839956,0.759882219696835,18,7.86602291359366e-14,6.554855003496e-09,3.42745295328175e-20
290,"PI 458503 LSP AGL",-0.0212158724509896,0.000336232687669455,0.00230729015364325,0.922747397063494,18,1.39284580882483e-25,5.74399296092665e-09,5.4620630857085e-35
291,"PI 468900 LSP AGL",-0.0197401028557274,0.000302635468588377,0.00218316134599409,0.91987635504233,17,3.70230265624564e-23,3.39427874695155e-07,5.85917617596164e-33
292,"PI 468901 AGL",-0.0156826851240779,0.000308412800508787,0.00178725488460004,0.891857024984344,14,3.82876028669457e-18,1.63616196440497e-07,3.51269925170757e-28
293,"PI 468902 LSP AGL",-0.0213545376468898,0.00038959879960252,0.00225357371078654,0.887020489121282,17,1.51539836388366e-23,2.85764166931075e-09,1.50074431862633e-32
294,"PI 472136 LSP AGL",-0.0190815923941526,0.000606774896653699,0.00198605440416023,0.794051715825731,18,3.00759078258764e-12,3.20323775139669e-08,7.93691940130087e-20
295,"PI 472205 LSP AGL",-0.0173334373691097,0.000721621770183185,0.00174637901690449,0.789379193254982,18,1.49900481900006e-10,6.3742117632289e-10,5.69355639761541e-17
296,"PI 472213 LSP AGL",-0.0235877677512078,0.000440999683456307,0.0023800901424087,0.881364405934843,18,4.38429188158135e-23,7.56316539988451e-10,9.4688430856447e-31
297,"PI 472327 LSP AGL",-0.0202756615230538,0.000491271789805752,0.00219166525227881,0.827489647690378,18,1.03223560911451e-15,1.29850934889228e-07,9.84274002650998e-25
298,"PI 472380 LSP AGL",-0.0196624648627904,0.000556905418702028,0.0020729061633286,0.815902630800767,18,1.73333269923981e-14,1.40065358043548e-08,4.57428598654431e-23
299,"PI 472416 LSP AGL",-0.0192280039566828,0.00036042216910485,0.00220547522154054,0.894297701684316,18,3.19445205993845e-22,7.79063917988569e-09,1.8306061339166e-32
300,"PI 472488 LSP AGL",-0.0190111713527384,0.000439049616354197,0.00215561060567195,0.776605187905583,18,7.63002567766753e-15,7.91436042574546e-07,6.52994004154422e-25
301,"PI 472559 LSP AGL",-0.0199550606745809,0.000351161321703371,0.00229320700385055,0.90622695033674,17,2.11912617909066e-25,3.67437990325426e-10,1.14667625645898e-36
302,"PI 472561 LSP AGL",-0.019033327985683,0.000399107682504677,0.00218436025561545,0.853498016225143,18,9.42885222261184e-18,1.31019818375912e-07,1.9271897995175e-28
303,"PI 472569 LSP AGL",-0.018203896662638,0.000444728289849537,0.0020748783364212,0.758559932110244,18,1.80521160137493e-11,3.12095885317726e-05,1.22941733330423e-19
304,"PI 472588 LSP AGL",-0.0197545871767145,0.00039789000708728,0.00210761535832204,0.882411363970253,16,1.04748263192642e-23,5.23137525441336e-11,2.32533650451682e-33
305,"PI 472590 LSP AGL",-0.0226808343054741,0.000313840240119954,0.00246117646684974,0.924891958125373,15,2.39961439573212e-28,4.30781514126247e-09,2.76143704006139e-39
306,"PI 472615 LSP AGL",-0.0208634367931187,0.000378709160215949,0.00232646447904839,0.791876914744749,18,3.02283840741327e-16,1.22317107124265e-05,4.41444966124555e-26
307,"PI 472629 LSP AGL",-0.0235547864432119,0.000517771690320821,0.0023283126099328,0.861331634343264,18,2.05128960710837e-19,7.48699788337875e-09,8.37746358353537e-27
308,"PI 477921 LSP AGL",-0.0221265611876935,0.00076137967500772,0.0019507553228446,0.765626401346638,18,1.22939020461236e-12,5.49604383456604e-09,7.4707170064344e-17
309,"PI 490288 LSP AGL",-0.0185688428284169,0.000437796029153482,0.00193422194267796,0.875342096971003,18,3.01917711781077e-19,6.85993317518131e-10,1.24722352042779e-27
310,"PI 490289 LSP AGL",-0.0218941160242404,0.000342923446301381,0.00234962209923032,0.93435088987416,16,5.7198937594699e-28,2.51218798154978e-10,1.19864083884167e-38
311,"PI 508090 AGL",-0.0224174731332598,0.000552606964518869,0.00218792938807677,0.839403922892697,18,4.44474972215268e-19,3.06288600553379e-10,1.46566537381499e-26
312,"PI 518733 LSP AGL",-0.0147770857328486,0.000370740450005062,0.00165427076650383,0.903126283953549,16,6.89801130378817e-20,3.67035890937078e-11,4.88234064379259e-30
313,"PI 518734 LSP AGL",-0.0142831233063409,0.000349466722373866,0.00163763665329572,0.86752169952815,18,3.64166325780631e-16,4.47327746137651e-08,2.42689478763551e-25
314,"PI 533688 LSP AGL",-0.0188596215241839,0.000267993609165986,0.00214770017721388,0.891698301648552,14,9.27143432853454e-22,4.01824901080554e-06,7.77833382881248e-33
315,"PI 533693 LSP AGL",-0.0182273265456259,0.000391938719964303,0.00194720931565969,0.907286404193794,16,4.00609058982432e-23,1.9318851899516e-11,1.06395400102164e-32
316,"PI 612875 AGL",-0.0221011792479889,0.000225216212510356,0.00258145846395501,0.936081788593239,15,1.88757425068438e-26,1.73508748631555e-05,1.71430284326605e-38
317,"PI 643451 AGL",-0.0183399181751561,0.000350951770657532,0.00216318517490985,0.818651729966756,18,1.90370761485003e-15,2.18447150951996e-05,9.97989718124588e-26
318,"PI 643452 AGL",-0.0195183247403535,0.000314801805641738,0.00229639763139978,0.902008754425901,18,3.98730085753117e-24,3.58388311711332e-08,1.28669258021315e-35
319,"Shasta AGL",-0.0183320127289951,0.000640245374777393,0.0017356138915457,0.843250151424503,18,1.18350175905468e-14,8.68701577749346e-11,2.0312646884409e-20
320,"W6 27754 LSP AGL",-0.0160081097618917,0.000347410544498504,0.00179639846940473,0.870777521165343,18,1.56863075379606e-16,8.15883998636558e-07,6.50000544218871e-25
321,"W6 27760 LSP AGL",-0.0172752483133885,0.000455583885033414,0.00187852709729408,0.838620385722779,18,6.19270309902669e-15,3.57280389875322e-08,8.61197143164205e-24
322,"W6 27763 LSP AGL",-0.0215126254824562,0.00021687219828786,0.00250802114367177,0.907822706298887,15,6.31205482973375e-25,9.05934704045187e-05,1.85054190862916e-36
323,"W6 27766 LSP AGL",-0.0155001196851983,0.000448645173674161,0.00186231239256684,0.683804460866621,18,5.44809354566754e-10,7.50606576062503e-06,5.28029880394564e-19
324,"W6 27767 LSP AGL",-0.019400974036278,0.000235334096056771,0.00228054593046197,0.869745435936769,15,5.65877927960169e-22,2.88634301444259e-05,7.94953064015094e-34
