"Entry","Name","a","b","c","RR","Environments"
1,"CDC Asterix AGL",-0.0189717073124489,0.000342846158097323,0.00205439525928451,0.899575730658294,18
2,"CDC Rosie AGL",-0.0148564141744838,0.000357355645476555,0.00169896734812326,0.847985655625177,18
3,"3156-11 AGL",-0.014045601201051,0.000360664012971414,0.00159482617199802,0.884738836950694,18
4,"CDC Greenstar AGL",-0.0155761876868996,0.00043387573354897,0.00169694600859008,0.821626050198836,18
5,"CDC Cherie AGL",-0.0176192833703764,0.000399878026996923,0.00191823044905302,0.834109998729707,18
6,"CDC Glamis AGL",-0.015795330674937,0.000387174791130001,0.00174328972671757,0.835363134242019,18
7,"CDC Gold AGL",-0.0183666755394779,0.000419699275220103,0.00191929037460369,0.870283268381556,18
8,"CDC Imax AGL",-0.0196375799928801,0.000285773889946566,0.00219856524564356,0.910003697156336,18
9,"CDC Impower AGL",-0.0176941758818594,0.000388087608671607,0.00190826490963206,0.876884855731317,18
10,"CDC KR-1 AGL",-0.0152170268235521,0.000592169244761893,0.00149987929476354,0.691337598972623,18
11,"CDC LeMay AGL",-0.0172364237769695,0.000360122119602922,0.0019042655933346,0.858800909415375,18
12,"CDC Maxim AGL",-0.0180532492907693,0.000377849395780002,0.0019799862035814,0.814746563555786,18
13,"CDC QG-1 AGL",-0.0171116325163288,0.00041194579067229,0.001799444536991,0.904662716181344,18
14,"CDC Red Rider AGL",-0.0166256584592162,0.000391449191475835,0.00180769454025702,0.837412835448887,18
15,"CDC Redcoat AGL",-0.0160647611504432,0.000286331004743166,0.00188380983661771,0.91207946244166,18
16,"CDC Redwing AGL",-0.0173462215417338,0.000289989119241891,0.00199279358423723,0.901421980399598,18
17,"CDC Robin AGL",-0.0193752049611241,0.000403179006686624,0.00204193040994993,0.878606901964061,18
18,"CDC Rosebud AGL",-0.0169810942075596,0.000600202012235336,0.00164988741548377,0.763848090350848,18
19,"CDC Rosetown AGL",-0.015001295379388,0.000339324692472721,0.00171684228306684,0.90268729148108,18
20,"CDC Rouleau AGL",-0.0172482068329264,0.000339959133811101,0.0019180355107852,0.856067111134147,18
21,"CDC Royale AGL",-0.0168158666703119,0.000431768810539494,0.00179921924317573,0.84981604462289,18
22,"CDC Ruby AGL",-0.0167468135460962,0.000623612369253648,0.00163748539985065,0.744126417909377,18
23,"CDC SB-1 AGL",-0.0229206490203663,0.00050117372832556,0.00227755834883368,0.827288926325741,18
24,"CDC Sedley AGL",-0.0166220831432196,0.000436800006852478,0.0017926373874875,0.792980534433901,18
25,"CDC Vantage AGL",-0.0177234394676013,0.000529634455620229,0.00179886419321869,0.790577143486859,18
26,"CN 105604 AGL",-0.0190648234955032,0.000433815698055241,0.00211167493403117,0.831745307019178,18
27,"CN 105605 AGL",-0.0244338759991083,0.00057271246149762,0.00235566196926844,0.825604489344944,18
28,"CN 105715 AGL",-0.0253740373269967,0.000484004174355146,0.00254172422382636,0.865354268543196,18
29,"CN 105732 AGL",-0.0193045423086255,0.000563888284380044,0.00188139465173836,0.849415090754765,18
30,"CN 105767 AGL",-0.0235281745950061,0.000592602124569651,0.00229356367799264,0.846763212932456,18
31,"CN 105777 AGL",-0.0205612972082617,0.00063139801200969,0.00208974526684819,0.841087817192973,18
32,"CN 105789 AGL",-0.0201672674542649,0.000441779275740531,0.00226803192182117,0.774434763526178,18
33,"CN 105791 AGL",-0.0180169547903203,0.00082825832364317,0.00169555557845805,0.786216597122472,18
34,"CN 105862 AGL",-0.0191589637198806,0.000318443175175419,0.0020986167380983,0.903156309897136,18
35,"CN 105863 AGL",-0.0195905979855745,0.000257477048511572,0.00222804744212641,0.889545834686599,18
36,"CN 105864 AGL",-0.0174983648256203,0.00023360491223763,0.00208677361824003,0.907630593359887,18
37,"CN 105865 AGL",-0.0192283153720974,0.000281421919075534,0.00215566128772864,0.915735314151392,18
38,"CN 105895 AGL",-0.0179663823879382,0.0005042626449919,0.00199103464746492,0.824525389175305,18
39,"CN 106265 AGL",-0.0179867412491336,0.000370779994963415,0.00195373151730382,0.874910185906082,18
40,"CN 108369 AGL",-0.0169136608116818,0.000423902966428132,0.00182736062106945,0.854301001218652,18
41,"CN 108370 AGL",-0.0168858524913996,0.000477641170750192,0.00170806922137551,0.836765982667282,18
42,"Crimson AGL",-0.0158538255355389,0.000511951286526586,0.00169547962703508,0.740064296011707,18
43,"DPL 62 AGL",-0.0192151639849073,0.00055899038014595,0.002055467219043,0.79328318117294,18
44,"Eston AGL",-0.0219574255855911,0.000400927673604543,0.00228222533988522,0.862463681322295,18
45,"Gudo AGL",-0.0204471092787469,0.000272915699686723,0.00237586060873038,0.902556427238785,18
46,"IG 1046 AGL",-0.0236979355067176,0.000474428140672156,0.00234920739764282,0.830266694049086,18
47,"IG 1706 AGL",-0.0247476525251934,0.000407846239803799,0.0025077116280587,0.895438036256348,18
48,"IG 1959 AGL",-0.022565775331704,0.000421041505028155,0.00233683069463197,0.81818134038106,18
49,"IG 4258 AGL",-0.0201590240267937,0.000413797856184473,0.00225452815706294,0.842062020193643,18
50,"IG 4781 AGL",-0.018444370624243,0.000363770587505456,0.00197200265095228,0.865149580367954,18
51,"IG 858 AGL",-0.0227048978441098,0.000432600511634893,0.00231618547020533,0.848916353704223,18
52,"ILL 10657 AGL",-0.0196110725764715,0.000501929699050402,0.00214365151743335,0.753843963397301,18
53,"ILL 10748 AGL",-0.0143503526779832,0.00068490955763587,0.00151145285963145,0.783651969569439,18
54,"ILL 11547 AGL",-0.0181850573897428,0.000609676865168284,0.00192254115558519,0.711621170742311,18
55,"ILL 11548 AGL",-0.019546619111489,0.000694537807976417,0.00193009307794461,0.800479307300013,18
56,"ILL 11553 AGL",-0.0184390005351374,0.000472680533534355,0.00206636352468769,0.782796978426079,18
57,"ILL 11555 AGL",-0.0182787729724688,0.000639212686264989,0.00189825086601156,0.745322223933666,18
58,"ILL 11557 AGL",-0.0183449413286121,0.000688697115164782,0.00184570881346531,0.774251730120393,18
59,"ILL 11558 AGL",-0.0191735757282941,0.000656156887432322,0.00195175181376112,0.819319436181967,18
60,"ILL 1220 AGL",-0.0230916837902369,0.000455859470258819,0.00232160412030067,0.867208643904845,18
61,"ILL 1553 AGL",-0.0232393086889937,0.000508630993750298,0.00230980939068354,0.904442965961333,18
62,"ILL 1762 AGL",-0.0211044662481581,0.00029130698976711,0.00230576728164683,0.912051337271056,18
63,"ILL 1983 AGL",-0.0197669590140778,0.000371331760026334,0.00222280027346118,0.917399712901661,18
64,"ILL 213 AGL",-0.0235331536703404,0.000331759784390627,0.00252906265412579,0.867351144651385,18
65,"ILL 2194 AGL",-0.0220213645914262,0.000233737054425574,0.00250419450194565,0.915972619348134,18
66,"PI 431893 LSP AGL",-0.0201048424526428,0.000646687375139464,0.00187187776327529,0.819851966823329,18
67,"ILL 2507 AGL",-0.0188173693797656,0.000460180472960529,0.00210620109165316,0.813398276095494,18
68,"ILL 2580 AGL",-0.0220572200140066,0.000359440747894815,0.00242761253806338,0.905238756425457,18
69,"ILL 28 AGL",-0.0208650124805003,0.000256368600025043,0.00238602379108762,0.877254820895824,18
70,"ILL 3025 AGL",-0.0203598293609526,0.000389712047068629,0.00229242440790601,0.901817741007013,18
71,"ILL 313 AGL",-0.0221630432135983,0.000300407749604863,0.00242793429852212,0.924672333405883,18
72,"ILL 3347 AGL",-0.0194085572259158,0.00044350969939926,0.00215554284063138,0.856442934713367,18
73,"ILL 358 AGL",-0.0216066164793022,0.000317543353382431,0.00239924818872224,0.890231128604983,18
74,"ILL 3597 AGL",-0.0218412905735371,0.000341608550166069,0.00244424268612243,0.919701644421671,18
75,"ILL 4164 AGL",-0.0208800207673348,0.000230673654382693,0.00244702682681309,0.902986883650246,18
76,"ILL 4400 AGL",-0.020119850909423,0.000314561562991299,0.00223228507960747,0.913819002665694,18
77,"ILL 4605 AGL",-0.0150623466389037,0.000702909477690728,0.00155830140883925,0.74830044178213,18
78,"ILL 4609 AGL",-0.021488283990868,0.000250723655874665,0.00242045632546801,0.905844063898479,18
79,"ILL 4665 AGL",-0.0192344087311893,0.000366716973691605,0.00209499643935223,0.872039689001549,18
80,"ILL 4671 AGL",-0.0188056360580967,0.000288310744224964,0.00214499024022395,0.90961924527158,18
81,"ILL 4768 AGL",-0.0214530170398362,0.000424022805112501,0.00237823343503629,0.75765667768851,18
82,"ILL 4782 AGL",-0.0219495282507457,0.000456955033427585,0.00238549754673568,0.794961754012826,18
83,"ILL 4783 AGL",-0.0189518223085107,0.000363962478086061,0.00202285218852085,0.875195854545792,18
84,"ILL 4804 AGL",-0.0217983467347554,0.000299310557485319,0.00242902857092829,0.903719399839806,18
85,"ILL 4875 AGL",-0.0184376441758568,0.000392132344699152,0.00192219175416724,0.913308297963915,18
86,"ILL 4956 AGL",-0.0199073040322353,0.000427004270440651,0.00204518349084723,0.902628566962232,18
87,"ILL 5058 AGL",-0.017692095772298,0.00028681853726047,0.00199160319994674,0.875441370765633,18
88,"ILL 5151 AGL",-0.0200060392465263,0.000241655647840128,0.00234433837215237,0.895359877426783,18
89,"ILL 5209 AGL",-0.0202491452774489,0.000239165376440613,0.00238205302986806,0.857500888304321,18
90,"ILL 5480 AGL",-0.0185208180651861,0.000418239583583518,0.00192858382973583,0.86070464943493,18
91,"ILL 5639 AGL",-0.0208840878644192,0.000388979117347406,0.00225118217151863,0.777875970993209,18
92,"ILL 5722 AGL",-0.0232284461484013,0.000706992243054429,0.00215621066434147,0.852055391035446,18
93,"ILL 5883 AGL",-0.0213867857354492,0.000272222434537201,0.00243773785968178,0.862576160306879,18
94,"ILL 5888 AGL",-0.0147995793469232,0.00143477920764799,0.000908451322347182,0.833450740093063,18
95,"ILL 5945 AGL",-0.0199300322403029,0.000458934638062663,0.00222340158637583,0.777258891447252,18
96,"ILL 6002 AGL",-0.01516218735229,0.000716981925804834,0.00156971933358531,0.766835169593439,18
97,"ILL 618 AGL",-0.0229278061216209,0.000474464401844984,0.00230099282065714,0.889929820417472,18
98,"ILL 6182 AGL",-0.0198710101669989,0.000281191678196786,0.00231552130619385,0.877547651154921,18
99,"ILL 6211 AGL",-0.0144929866372529,0.000646723882669773,0.00155324243834445,0.755623789440803,18
100,"ILL 624 AGL",-0.0199729477232212,0.000388260864758867,0.00210954950787307,0.890374191282038,18
101,"ILL 6821 AGL",-0.0210263811438123,0.000186790103905674,0.0024958486719422,0.905982786387465,18
102,"ILL 6853 AGL",-0.0183359740864832,0.00022018104317204,0.00221933443771185,0.859214674566999,18
103,"ILL 7089 AGL",-0.0240472451085523,0.000501410317952456,0.00237697895045832,0.890360921266476,18
104,"ILL 7558 AGL",-0.0150933444894989,0.000624419760303687,0.00162255638642809,0.771291607049876,18
105,"ILL 7663 AGL",-0.0147904120046845,0.00120417917491483,0.00110442415664973,0.776630028471724,18
106,"ILL 7668 AGL",-0.0193372195994882,0.000482342408600318,0.00208680836982452,0.846839867315626,18
107,"ILL 7716 AGL",-0.0147970445192044,0.000739326537285287,0.00148964397895871,0.766893639632908,18
108,"ILL 7747 AGL",-0.0196707800487576,0.000217295384929099,0.00232972131853641,0.891304342286036,18
109,"ILL 7946 AGL",-0.0215166961616575,0.00029556596698725,0.00243353031990727,0.87244322728803,18
110,"ILL 7978 AGL",-0.0186894320233085,0.000452081057218659,0.00212740585904439,0.723003824389461,18
111,"ILL 7979 AGL",-0.0179068946474093,0.000420999663922738,0.00206607264702714,0.796025174064316,18
112,"ILL 8007 AGL",-0.0204193704837668,0.000681831503426358,0.00205686935637666,0.873897660093418,18
113,"ILL 8009 AGL",-0.0203640283580865,0.000602747759143588,0.00210608102355339,0.792358294586662,18
114,"ILL 8010 AGL",-0.0196101507152564,0.000610279477481163,0.00201514040555128,0.820139738259112,18
115,"ILL 8072 AGL",-0.0216153612966226,0.000260085028261356,0.00243859135550665,0.886376758486286,18
116,"ILL 8174 AGL",-0.0208623589937913,0.000560747112036434,0.00204546629069195,0.738632959114379,18
117,"ILL 8595 AGL",-0.0219785292017521,0.000692340394116042,0.00201721255739916,0.75601718881048,18
118,"ILL 9 AGL",-0.0222163666631239,0.000513476896646006,0.00230150494951697,0.769124240401668,18
119,"ILL 975 AGL",-0.0204396158868674,0.000181432638793267,0.00247806836848727,0.903653349244125,18
120,"ILL 9888 AGL",-0.0225902483844708,0.000405357920705274,0.00241776169032711,0.790782732891438,18
121,"ILL 9932 AGL",-0.0209827975098885,0.000441902643071973,0.00227901785453035,0.804413719054419,18
122,"ILL 9945 AGL",-0.0215702929761722,0.000324165266173647,0.00247132406288596,0.908857641437042,18
123,"ILL 9977 AGL",-0.0206749559317034,0.000482482034090732,0.00224109167277995,0.778603297614467,18
124,"ILL 9997 AGL",-0.0183085730493315,0.000563754170034778,0.0019718636285713,0.773877294974003,18
125,"ILWL 118 AGL",-0.0183029545225533,0.000483372749498592,0.00195277091991105,0.805937717794946,18
126,"Indianhead AGL",-0.0136974205083759,0.000360764686371985,0.00153944700997474,0.878738504513271,18
127,"IPL 220 AGL",-0.0198732397708395,0.000602337707820429,0.0020792442032301,0.77241354443367,18
128,"Laird AGL",-0.0149333661312725,0.000505862031012075,0.00154994937884329,0.843652366343831,18
129,"LIRL-22-46 AGL",-0.0148880493861413,0.00089239626172543,0.00138701720111609,0.754738417665034,18
130,"PI 163589 AGL",-0.0180412482501976,0.000265659751996592,0.00209176048349152,0.902642816272468,18
131,"PI 169534 LSP AGL",-0.0204409144021893,0.000505729780908303,0.00201605802833419,0.845482620218205,18
132,"PI 175754 LSP AGL",-0.022694660629482,0.000378819342531552,0.00237238000057526,0.913597756996687,18
133,"PI 177430 LSP AGL",-0.0197668753492501,0.000290177758137882,0.00220710413490037,0.888628544027683,18
134,"PI 178939 LSP AGL",-0.0201209561847004,0.000411569887872298,0.00208345734781349,0.839924126593409,18
135,"PI 178952 AGL",-0.0225236690602488,0.000475786632888823,0.00226557112542635,0.875333657411777,18
136,"PI 178971 LSP AGL",-0.0197807286060851,0.000391513736101889,0.00209310216933738,0.913482618237885,18
137,"PI 179324 LSP AGL",-0.0213205125883069,0.000280008373048357,0.00234958917060698,0.900200181012973,18
138,"PI 179330 AGL",-0.0216999699220974,0.000342787236908318,0.00231248768325285,0.908999194381872,18
139,"PI 181771 LSP AGL",-0.0194530208282381,0.000378491516962169,0.00208162783725879,0.927303686737713,18
140,"PI 181886 LSP AGL",-0.0194841452977346,0.000225028168116049,0.00229650460883919,0.885142866491258,18
141,"PI 182217 LSP AGL",-0.022238081907373,0.000424118695981321,0.00229180065703712,0.870988078659205,18
142,"PI 193546 AGL",-0.0206876608716395,0.000224522140652953,0.00239189079269312,0.900565178799617,18
143,"PI 193547 LSP AGL",-0.0177369788910899,0.000305366778203769,0.00201304383317579,0.902645778926429,18
144,"PI 193548 LSP AGL",-0.0204797593876544,0.000471508143188816,0.00226106153702189,0.778111908553369,18
145,"PI 193550 AGL",-0.0202824854103844,0.000576916003392337,0.00214912167777662,0.736122746634573,18
146,"PI 207492 LSP AGL",-0.020181448067124,0.000386293074048228,0.00213628887445395,0.906853124158252,18
147,"PI 518731 LSP AGL",-0.0206144908253737,0.000441395567755508,0.00211638009406181,0.837785208637043,18
148,"PI 209858 LSP AGL",-0.0144323051912887,0.000260543912350971,0.0017357489593109,0.85729424080438,18
149,"PI 211052 LSP AGL",-0.0221660824339345,0.000349334908103544,0.00232848091657744,0.927751423805625,18
150,"PI 212100 LSP AGL",-0.0205779133557565,0.000346921596644838,0.0022023969741698,0.923787976880573,18
151,"PI 212610 LSP AGL",-0.0193018449580201,0.000366906433260782,0.00207493405241,0.918117891195627,18
152,"PI 217949 LSP AGL",-0.0222699337626555,0.000330704372278545,0.0024773069912928,0.874278127287871,18
153,"PI 238758 LSP AGL",-0.0198476404514563,0.000615691505965745,0.00187581345218537,0.788559789035951,18
154,"PI 244046 AGL",-0.0201484929378288,0.000760250628323902,0.00198342993793585,0.815926830896835,18
155,"PI 250156 LSP AGL",-0.0218359055931444,0.0003001937811228,0.00241878345420544,0.891963792608388,18
156,"PI 250158 LSP AGL",-0.0187254890551796,0.0004931437471827,0.00209246092215223,0.763155365635789,18
157,"PI 251248 LSP AGL",-0.0219778201398805,0.000817076957689133,0.00209756444950693,0.845796709901107,18
158,"PI 273664 LSP AGL",-0.0218504674670705,0.000308021320678376,0.00234278192802109,0.898993581395567,18
159,"PI 280686 AGL",-0.0194114395385622,0.000550191690012394,0.00205930835205174,0.782402052620973,18
160,"PI 283604 LSP AGL",-0.0184694767357988,0.000257481713632714,0.00213224110984948,0.916587045059698,18
161,"PI 289066 AGL",-0.0145415314850164,0.000263817459418178,0.00174514419267507,0.826297133120223,18
162,"PI 289073 LSP AGL",-0.0188522531454353,0.000361896105212249,0.00203684192599084,0.916484528845721,18
163,"PI 289079 LSP AGL",-0.0181781521083829,0.00032413037983315,0.00200065355693414,0.943878830706921,18
164,"PI 290716 LSP AGL",-0.0200966661117619,0.000364110460759808,0.00215084602131296,0.909528913829564,18
165,"PI 297285 LSP AGL",-0.0179547764585425,0.000368058382939823,0.00197201574171101,0.929946340364374,18
166,"PI 297287 AGL",-0.02000495385446,0.000301001975757437,0.00222269874822735,0.93144149450354,18
167,"PI 297754 LSP AGL",-0.021606232020591,0.000416758404199709,0.00220793740659819,0.908541479240445,18
168,"PI 297767 AGL",-0.0186588314401134,0.000278911810606936,0.0021083361803794,0.904219031998122,18
169,"PI 297772 LSP AGL",-0.0188293634433874,0.000217702058274883,0.00223187956847754,0.883970381576619,18
170,"PI 297783 AGL",-0.0208609319334038,0.000520911606904525,0.00224265575259041,0.789784504468004,18
171,"PI 297787 LSP AGL",-0.0226427162933721,0.000402670674914306,0.00233585294665574,0.916263780623004,18
172,"PI 298023 LSP AGL",-0.0235520634015196,0.000485013519330147,0.00234537338539821,0.897400647946047,18
173,"PI 298121 LSP AGL",-0.0203244887734743,0.000557884412499998,0.00201976359081746,0.756522654695524,18
174,"PI 298122 LSP AGL",-0.018807786926827,0.000386014268979355,0.0020062417496772,0.903043236955625,18
175,"PI 298357 LSP AGL",-0.0229516460812199,0.00053848432624815,0.00224255267486591,0.836864868505407,18
176,"PI 298631 LSP AGL",-0.0176135544216575,0.000372743826616048,0.00188976592516891,0.882882840500065,18
177,"PI 298644 LSP AGL",-0.0161000467555376,0.000356925805894411,0.00178508180415297,0.814924358449779,18
178,"PI 298645 AGL",-0.0186780595637616,0.000352709649074115,0.00204631355053636,0.873533885552656,18
179,"PI 298921 AGL",-0.0185243666819379,0.000227269366792418,0.00221041073152091,0.917702820157672,18
180,"PI 298922 LSP AGL",-0.0203479719629292,0.000330824362396125,0.00218391207258324,0.919451871288177,18
181,"PI 298923 LSP AGL",-0.0233777401220667,0.000422889427105487,0.00237865460032664,0.892703754961044,18
182,"PI 299116 LSP AGL",-0.0215137414583074,0.000397322888169298,0.00228346922588771,0.89218630957028,18
183,"PI 299120 LSP AGL",-0.0197751478843949,0.00051421407531561,0.00204763430598212,0.782731169180323,18
184,"PI 299121 LSP AGL",-0.0200193852685803,0.00042342856520237,0.00219499198841,0.807226651020556,18
185,"PI 299126 LSP AGL",-0.0219950254873715,0.00028181249288642,0.002500982751221,0.923031510275722,18
186,"PI 299163 LSP AGL",-0.0196112384438167,0.000287596126723589,0.00219483315652487,0.848735888533923,18
187,"PI 299164 LSP AGL",-0.0206729270229064,0.000326371871042365,0.00227003141556169,0.888256669390989,18
188,"PI 299165 AGL",-0.0198205728334926,0.000249056333877723,0.00226586254155864,0.908641285279404,18
189,"PI 299177 LSP AGL",-0.0215556755537716,0.000286125404239255,0.00236889850898116,0.927800233267809,18
190,"PI 299237 LSP AGL",-0.0201862367757591,0.000433011054925229,0.00212183896691195,0.841071821668752,18
191,"PI 299289 AGL",-0.0187639486848802,0.000427893576259793,0.00196659015225898,0.883360705906392,18
192,"PI 299312 AGL",-0.0177489903456568,0.000345993235384314,0.00196538188146409,0.845012215879999,18
193,"PI 299345 AGL",-0.0178222798765997,0.0002528717765067,0.00208943492759332,0.877789465853983,18
194,"PI 299351 LSP AGL",-0.0210035148428285,0.000394787443791413,0.00220842740531735,0.859900860083443,18
195,"PI 299366 LSP AGL",-0.0175835092943151,0.000194223351920795,0.00217726983321083,0.831035748551816,18
196,"PI 299375 LSP AGL",-0.0208555823076871,0.000292386883004097,0.00231343375461661,0.883117026020993,18
197,"PI 300250 LSP AGL",-0.0202819722255075,0.000272444516367288,0.00230519446105381,0.900993140688851,18
198,"PI 302398 LSP AGL",-0.0210039610088963,0.000400686107659163,0.00229531819616198,0.785789230682485,18
199,"PI 308614 LSP AGL",-0.0186377658747503,0.000240987291361112,0.00218113956825896,0.894057348393166,18
200,"PI 311107 LSP AGL",-0.0185824516474567,0.000239415454123565,0.00215966885510441,0.860824281332705,18
201,"PI 312175 LSP AGL",-0.0180901745257858,0.000318266002025047,0.00200613904121661,0.899532553397508,18
202,"PI 320935 LSP AGL",-0.0251267637956306,0.000394543200563173,0.00258021096482159,0.904158117053963,18
203,"PI 320936 LSP AGL",-0.0146929985779239,0.000476703476989954,0.00167281340618324,0.753221434044265,18
204,"PI 320937 LSP AGL",-0.0150095240400975,0.000514304117749414,0.00153553660572002,0.783727327456782,18
205,"CN 105866 AGL",-0.0188167685522907,0.000299066558116939,0.00209345346526248,0.855963158223485,18
206,"PI 320941 LSP AGL",-0.0224568883233348,0.000329068903929619,0.00236882457908584,0.893237093612247,18
207,"PI 320945 LSP AGL",-0.0200081318247158,0.000238503698250544,0.00227311164834916,0.90376043051575,18
208,"PI 320946 LSP AGL",-0.0216639716979194,0.000241913037615667,0.00247804064710352,0.917180037333275,18
209,"PI 320952 LSP AGL",-0.0140796297020889,0.000384003811151592,0.00156033064525904,0.872291210875149,18
210,"PI 320953 LSP AGL",-0.0170067472366316,0.000344955727054366,0.00183809650024497,0.88158413716923,18
211,"PI 320954 LSP AGL",-0.017119209998288,0.000381024402307545,0.00186612491451053,0.878489693254039,18
212,"PI 329157 LSP AGL",-0.0229374564063867,0.000437153527044213,0.00235593590025815,0.87201714215252,18
213,"PI 329167 LSP AGL",-0.021713870985318,0.000422143467811377,0.0022679156791417,0.878960732434202,18
214,"PI 339266 LSP AGL",-0.0248747461352485,0.0005250612430066,0.00242476980334034,0.899446443665732,18
215,"PI 339283 LSP AGL",-0.020070801220386,0.000226727940091435,0.00233062773583846,0.860438432828866,18
216,"PI 339285 AGL",-0.0211344039020111,0.000261648185361784,0.00237409451135691,0.862743976469514,18
217,"PI 339289 LSP AGL",-0.0251386327854654,0.000452300650967433,0.00251219322092812,0.853000410808503,18
218,"PI 339292 LSP AGL",-0.0239812744676989,0.000472832953343335,0.00238246827099072,0.889420841285306,18
219,"PI 339296 AGL",-0.0248517833437965,0.000569979248013431,0.00235831453705392,0.869158783627052,18
220,"PI 343026 LSP AGL",-0.022176433171952,0.000473491113128601,0.00223542142642773,0.889899907637797,18
221,"PI 345627 LSP AGL",-0.0158749471673992,0.000364338013670939,0.00175454114155274,0.900385161983136,18
222,"PI 358602 LSP AGL",-0.019616978109381,0.000401864071707317,0.00204434285377282,0.886467895861798,18
223,"PI 368647 LSP AGL",-0.0198568238842145,0.000344460670140536,0.00213150073182716,0.881210934481337,18
224,"PI 368651 LSP AGL",-0.0194586536104623,0.000374009134255622,0.0020507945337168,0.887451673550701,18
225,"PI 370481 LSP AGL",-0.0179886153010083,0.000257423399112979,0.00208706381762505,0.883986528043146,18
226,"PI 374116 LSP AGL",-0.0186632570612463,0.000398139331099286,0.00197762560823054,0.91241713397765,18
227,"PI 374117 LSP AGL",-0.0224575695363844,0.000329367098842137,0.00242892947983078,0.935258436097091,18
228,"PI 374118 AGL",-0.0210712508243597,0.000269272929494076,0.0024125883622472,0.930673503908713,18
229,"PI 374120 LSP AGL",-0.0163111684638185,0.000264793906743227,0.00194831017345155,0.939330105002592,18
230,"PI 374121 AGL",-0.0201926908965365,0.000371333708677419,0.00218842992905871,0.861423637572816,18
231,"PI 379368 LSP AGL",-0.0203837365882161,0.000335442921504398,0.0022342915694696,0.887150347332659,18
232,"PI 383682 LSP AGL",-0.0223605266182349,0.000358946510974801,0.00234743637976341,0.877396766861523,18
233,"PI 420818 AGL",-0.0186872787221032,0.00023133755339557,0.00219281877571907,0.891197523714074,18
234,"PI 420924 LSP AGL",-0.0200802427376309,0.000226661519353426,0.0023671789206294,0.876702980353765,18
235,"PI 420925 LSP AGL",-0.0177217743102358,0.000170328903259222,0.00222653811420717,0.910825985909527,18
236,"PI 420929 LSP AGL",-0.0184216030094279,0.000220322058773105,0.002227616977043,0.897649788161902,18
237,"PI 426202 LSP AGL",-0.0214503306316673,0.000324581005619553,0.00230258458851959,0.922643514701039,18
238,"PI 426778 LSP AGL",-0.0211821554023873,0.000384746048904698,0.002213261415352,0.913356023497508,18
239,"PI 426784 LSP AGL",-0.0188670666514328,0.000487818684847071,0.00207408422394549,0.820213673098971,18
240,"PI 426797 LSP AGL",-0.0200564694983606,0.000434115325391005,0.00223225716512214,0.836189013521361,18
241,"PI 426807 LSP AGL",-0.0221740138645012,0.000293610147482277,0.00247222445750188,0.902227065590221,18
242,"PI 431618 LSP AGL",-0.0211417007706987,0.000473644278071977,0.00216871660418361,0.822910135345129,18
243,"PI 431622 LSP AGL",-0.0209066634877102,0.000336366702024844,0.00225001169773349,0.904522618768269,18
244,"PI 431630 LSP AGL",-0.02358642783184,0.000321037070130101,0.0024638223657647,0.863081014137397,18
245,"PI 431633 LSP AGL",-0.0219152704899047,0.000476761661533539,0.00223172084640455,0.908171827754132,18
246,"PI 431636 LSP AGL",-0.0233650262125622,0.000407259666569501,0.00241367649474525,0.891443038289681,18
247,"PI 431643 LSP AGL",-0.0236287192363758,0.000444475711616858,0.002394282589132,0.893836214544565,18
248,"PI 431662 LSP AGL",-0.0212395939164434,0.000394945899603129,0.00221857913787701,0.915599871270218,18
249,"PI 431663 LSP AGL",-0.0223121417336939,0.000386623240643281,0.00230986399680042,0.920434820141693,18
250,"PI 431679 LSP AGL",-0.0214431519954768,0.000458545043177982,0.0021194906733379,0.942697496960241,18
251,"PI 431684 LSP AGL",-0.0230786282637078,0.000377603789892374,0.00237541293608201,0.936951468648677,18
252,"PI 431705 LSP AGL",-0.0220270767180678,0.000410855475760497,0.00228014804590779,0.902178291026229,18
253,"PI 431710 LSP AGL",-0.0219752964908504,0.00042464874999847,0.00224855605757002,0.90875001818624,18
254,"PI 431714 LSP AGL",-0.0213243176525564,0.000375142386815092,0.00224714227952262,0.926131382792403,18
255,"PI 431717 LSP AGL",-0.0225687553508437,0.000391900649745874,0.00232902006573767,0.91523362987245,18
256,"PI 431728 LSP AGL",-0.0216880609118,0.000450914739128685,0.00218936040959381,0.913610943405936,18
257,"PI 431731 LSP AGL",-0.0209458248713809,0.000379999662351869,0.00221663963157183,0.89947707742498,18
258,"PI 431739 LSP AGL",-0.0210820588706425,0.000449445834686561,0.00217059934897532,0.870248317749771,18
259,"PI 431753 LSP AGL",-0.022732509216101,0.000433640541068015,0.00231393895051746,0.872492262601447,18
260,"PI 431756 LSP AGL",-0.0225273824491837,0.00037712028226124,0.00232857888856362,0.935659870419873,18
261,"PI 431809 LSP AGL",-0.0233095663239528,0.000416127764097051,0.00239112991816146,0.823827458106377,18
262,"PI 431824 LSP AGL",-0.0243159105620614,0.000408250510440639,0.00249411268754106,0.900121830330547,18
263,"PI 431863 LSP AGL",-0.0201372601807479,0.000382838751103622,0.00213239197782522,0.893043461087325,18
264,"PI 431873 LSP AGL",-0.0233040681321917,0.000337516942834703,0.00243756585669841,0.893360319634992,18
265,"PI 431884 LSP AGL",-0.0246189514169399,0.000430197366943023,0.00248898234506908,0.881514735635464,18
266,"PI 431888 LSP AGL",-0.0229603664836433,0.000346837842487389,0.00240021519384546,0.920164392996905,18
267,"PI 431923 LSP AGL",-0.0208207703026655,0.00031093195436552,0.0022531576606167,0.90714120848096,18
268,"PI 431980 LSP AGL",-0.0234579479612804,0.000461800194484919,0.00234822255780661,0.915713631400036,18
269,"PI 432000 LSP AGL",-0.0242791474121194,0.000355760069879588,0.00250254349513494,0.912196616307838,18
270,"PI 432001 LSP AGL",-0.0223803142703508,0.000369895214807672,0.00235607930284505,0.926330864532841,18
271,"PI 432002 LSP AGL",-0.022091397912644,0.000313966361771821,0.0023504580424047,0.904776911682623,18
272,"PI 432005 LSP AGL",-0.0212243377066867,0.000338100835154986,0.00232468289287987,0.88842458476649,18
273,"PI 432028 LSP AGL",-0.021158737172062,0.000377751910349694,0.00221282366612097,0.916186189524949,18
274,"PI 432033 LSP AGL",-0.0213986801206813,0.00044387965412141,0.00216862585855312,0.921252856932609,18
275,"PI 432085 LSP AGL",-0.0233247580281741,0.00032685502469334,0.00252833986826661,0.896719083890902,18
276,"PI 432106 LSP AGL",-0.0220586767839067,0.000404084122865157,0.00229091991098956,0.881584094479757,18
277,"PI 432124 LSP AGL",-0.0241202235601496,0.000414291590689411,0.00245460911618293,0.898700012324359,18
278,"PI 432145 LSP AGL",-0.0219235016055319,0.000389972617308502,0.00224753244197509,0.937663835241434,18
279,"PI 432147 LSP AGL",-0.0224396693830757,0.000455568356746475,0.0022395270356406,0.931399674591687,18
280,"PI 432184 LSP AGL",-0.0245609290366424,0.000439249548744609,0.00247192603163358,0.879848398208853,18
281,"PI 432188 LSP AGL",-0.0226809871267918,0.000473280260332098,0.0022999277941916,0.850556466867974,18
282,"PI 432190 LSP AGL",-0.0190001151674639,0.000431722626322349,0.00198789941315442,0.880373019606539,18
283,"PI 432201 LSP AGL",-0.0208170417876106,0.000463480099284691,0.0021006870306328,0.862501578794961,18
284,"PI 432212 LSP AGL",-0.0226645862017824,0.000408745454789751,0.00231333068301395,0.930755205376604,18
285,"PI 432236 LSP AGL",-0.0220346611000285,0.000398410190885084,0.00227335571493947,0.930187450140622,18
286,"PI 432245 LSP AGL",-0.0228062365730118,0.000451614370092426,0.00235161944373532,0.896861130648375,18
287,"PI 432271 LSP AGL",-0.0183988901237702,0.000467400312907587,0.00184921820433912,0.861746566134274,18
288,"PI 432286 LSP AGL",-0.0182306905816823,0.000286127849047395,0.00207422016692538,0.915031268600338,18
289,"PI 451763 LSP AGL",-0.0218522399083434,0.000665215705203232,0.00205060736255981,0.761311591056974,18
290,"PI 458503 LSP AGL",-0.0214579365970324,0.00034240474929764,0.0023187107193411,0.925072823639579,18
291,"PI 468900 LSP AGL",-0.0199658941136804,0.000308566474937652,0.00219361841867781,0.92072019595959,18
292,"PI 468901 AGL",-0.0158461009545087,0.000313046149865862,0.00179417836234067,0.894839678558185,18
293,"PI 468902 LSP AGL",-0.0215851109591857,0.000395766345355485,0.00226414503211677,0.888197470674027,18
294,"PI 472136 LSP AGL",-0.0192980091789573,0.00061193949352387,0.00199674533006947,0.793798051414047,18
295,"PI 472205 LSP AGL",-0.017522288292633,0.000726299335830055,0.00175553139527708,0.787959581374769,18
296,"PI 472213 LSP AGL",-0.023801918007919,0.000447233032993821,0.00238892095331591,0.880499614502007,18
297,"PI 472327 LSP AGL",-0.0205008975293762,0.000497180373671829,0.00220209791278419,0.825609475903801,18
298,"PI 472380 LSP AGL",-0.0198772863499378,0.000562412170372775,0.0020830085354581,0.813989605845231,18
299,"PI 472416 LSP AGL",-0.0194471256932776,0.000366529620638303,0.00221520429863725,0.892684595332201,18
300,"PI 472488 LSP AGL",-0.0192304154625741,0.000444816252413749,0.00216573472231736,0.776137053842404,18
301,"PI 472559 LSP AGL",-0.0201907978757195,0.000357335931672486,0.00230416573880648,0.906012852804128,18
302,"PI 472561 LSP AGL",-0.0192565129919574,0.000404919004632298,0.0021947296932294,0.85336257343274,18
303,"PI 472569 LSP AGL",-0.0184198793626078,0.000450343318021213,0.00208501150669556,0.758020216063782,18
304,"PI 472588 LSP AGL",-0.0199721439144414,0.000403650042100522,0.00211768694533351,0.881393827958324,18
305,"PI 472590 LSP AGL",-0.02292527981173,0.000320481240986777,0.00247219546491909,0.922613087759039,18
306,"PI 472615 LSP AGL",-0.0211068408778988,0.000384840534245966,0.00233803453896388,0.791788917952143,18
307,"PI 472629 LSP AGL",-0.0237960244909282,0.000524015627471395,0.00233958412892731,0.863868780834114,18
308,"PI 477921 LSP AGL",-0.0223076323430236,0.000766580286124279,0.00195833937464341,0.768002298754724,18
309,"PI 490288 LSP AGL",-0.0187731872355672,0.000443224445910815,0.00194358160392256,0.877521005156958,18
310,"PI 490289 LSP AGL",-0.0221289305018477,0.00034924940948898,0.00236027481385578,0.932159251903965,18
311,"PI 508090 AGL",-0.0226501526890776,0.000558306448117522,0.00219917975207745,0.843260407033921,18
312,"PI 518733 LSP AGL",-0.0149236658661902,0.000375070070118986,0.00166022523656058,0.905312078047011,18
313,"PI 518734 LSP AGL",-0.0144310339688978,0.000354053462557135,0.00164333986838495,0.868632154056833,18
314,"PI 533688 LSP AGL",-0.0190839142695979,0.000273693380868718,0.00215831400601882,0.890366064490688,18
315,"PI 533693 LSP AGL",-0.0184012938548967,0.000397045522146898,0.00195432599549404,0.907031613396663,18
316,"PI 612875 AGL",-0.0223812397691269,0.000231954614310718,0.00259518952180397,0.936629457336376,18
317,"PI 643451 AGL",-0.0185583557267164,0.000356916422638596,0.00217302194367935,0.817011333705491,18
318,"PI 643452 AGL",-0.0197516330182744,0.000321113988619006,0.00230697721463551,0.899519390921088,18
319,"Shasta AGL",-0.0185218933705084,0.000644721384731561,0.00174502502839368,0.846157325121444,18
320,"W6 27754 LSP AGL",-0.0161908852538183,0.000352315018261867,0.00180472176507973,0.872698371683532,18
321,"W6 27760 LSP AGL",-0.0174664454025959,0.00046056914451343,0.00188739143704856,0.839643417543514,18
322,"W6 27763 LSP AGL",-0.0217786571335469,0.000224275904797985,0.0025197936965793,0.9076134400175,18
323,"W6 27766 LSP AGL",-0.0156632598695167,0.000453827270699781,0.00186844191736528,0.681776733129574,18
324,"W6 27767 LSP AGL",-0.0196383031914129,0.000241639878229755,0.00229139070815752,0.87059809474492,18
