"Entry","Name","a","b","c","d","RR","Environments","aP","bP","cP","dP"
1,"CDC Asterix AGL",0.00723417528662226,-0.00120506085133948,-0.000319762347926833,0.000140348651057107,0.899852716834062,16,0.62854016365517,0.175562753571845,0.81297046379205,0.0832316779614101
2,"CDC Rosie AGL",0.0210520754678107,-0.00176426807201225,-0.00154822410533619,0.000191994415738882,0.843624018090925,18,0.171539056722681,0.0547122395491393,0.263758813191547,0.0218101937664636
3,"3156-11 AGL",0.0109797932823861,-0.00111715988018433,-0.000677309813931666,0.000134288180668609,0.885141808879971,16,0.398077822960303,0.147797141390055,0.564488105746141,0.0571157488068066
4,"CDC Greenstar AGL",-0.00742267373856518,-4.79068505765772e-05,0.000958171310179523,4.37054027858731e-05,0.819783389830772,17,0.659686937700507,0.961548697320775,0.530207477210421,0.627592306358932
5,"CDC Cherie AGL",0.000920958045594847,-0.000695642035662026,0.000238304762264178,9.9383188673932e-05,0.831895987334656,17,0.95753361818311,0.496544630884479,0.878967598544177,0.285109074228012
6,"CDC Glamis AGL",0.0117581255002533,-0.0012421057231755,-0.000751856813123955,0.000147685571514862,0.830320673569424,17,0.441324836897681,0.171242197869276,0.585524139890605,0.0741390660018065
7,"CDC Gold AGL",-0.00990004403914718,-8.05873907836186e-05,0.00115168948057075,4.54057873406958e-05,0.869742945823435,16,0.551850496169129,0.934464855030939,0.445092723292272,0.609596314029406
8,"CDC Imax AGL",0.0056760777763417,-0.0012096024474681,-9.53650848746125e-05,0.000135683629201702,0.913235010747195,16,0.682736843862526,0.144085809653341,0.939451222378453,0.0720899911836618
9,"CDC Impower AGL",0.0127625381183469,-0.00141438510187256,-0.000847956475393243,0.000163234498101335,0.87422635941216,17,0.393804064415872,0.113245002393075,0.529947806213578,0.044858074889115
10,"CDC KR-1 AGL",0.00843539424937902,-0.000805427499114424,-0.000643222483875577,0.000126784426494383,0.682863390584859,18,0.745207632560756,0.599319528927951,0.784125511083266,0.362448249427316
11,"CDC LeMay AGL",0.0160059569704514,-0.0016081092816827,-0.00110875638763772,0.000178491628518209,0.855389753466271,18,0.275668581175411,0.0672494694277532,0.40279768343909,0.0261285523360692
12,"CDC Maxim AGL",0.00371280515478927,-0.000909494118168393,1.30031985863886e-06,0.000117122930768581,0.808722062900035,18,0.841542462666827,0.408654515075957,0.999384304453368,0.243095253964962
13,"CDC QG-1 AGL",0.00660881485417399,-0.000989284835501984,-0.000350048921895429,0.000127138535580512,0.904266532019531,17,0.614619539862823,0.204707034660218,0.767992217651614,0.0743624957427112
14,"CDC Red Rider AGL",0.0105770875442895,-0.00121342010208487,-0.000658015634914041,0.000145609860222946,0.839039507250894,16,0.481730151498681,0.173985500483008,0.62822023241416,0.0737753020791509
15,"CDC Redcoat AGL",0.0097239044440008,-0.0012373403255089,-0.000452997191852519,0.000138234406352496,0.913414905006678,15,0.451163233899605,0.107823665014244,0.697422782386486,0.0487920659763255
16,"CDC Redwing AGL",0.0169580115538918,-0.0017366598016998,-0.00111602086503958,0.000183893703429914,0.90181550964299,15,0.216617028972188,0.0347616696894535,0.367054592081801,0.0143490735368922
17,"CDC Robin AGL",0.00790436114688239,-0.00120660171518372,-0.000431141114217615,0.000146098707157147,0.881411508882719,17,0.590309759503111,0.16694533937416,0.745393688288761,0.0668938404776419
18,"CDC Rosebud AGL",0.00715211311648981,-0.000824150269666041,-0.000537781939832799,0.000129253179103564,0.757396243257338,18,0.78586002681093,0.595722049952498,0.821420659425288,0.359761126618245
19,"CDC Rosetown AGL",0.00880942785620853,-0.00106623690667897,-0.00044145589303585,0.000127533068698506,0.906660067165346,16,0.47301012914115,0.144104978430663,0.690603866124768,0.0557152027081401
20,"CDC Rouleau AGL",0.00722901258716782,-0.00110483395616394,-0.000304207195503368,0.000131228463476619,0.852533937752155,18,0.637560360491579,0.225315382584277,0.826738783405055,0.114349651206768
21,"CDC Royale AGL",0.00629338720879049,-0.00093958193236081,-0.000295932876986271,0.000124485975606833,0.846287485960777,17,0.688859450775053,0.315214455831663,0.835143723021934,0.144400659851146
22,"CDC Ruby AGL",0.00541526699102764,-0.000685921716102908,-0.000370579401253769,0.000118795731826254,0.737815279580193,18,0.837468572687824,0.659941870583918,0.876677547639433,0.401283139354556
23,"CDC SB-1 AGL",-0.00367765202590951,-0.000634480051447981,0.000533157493513924,0.000103058970086789,0.826190945438992,18,0.858798917971413,0.603011443333495,0.775762306664716,0.352629570163772
24,"CDC Sedley AGL",0.00459948232153416,-0.000815705919499029,-0.000131092343737314,0.000113658941600373,0.789201840361236,18,0.812436918867625,0.476316270395171,0.940426179343452,0.275031178016616
25,"CDC Vantage AGL",0.00264745954304851,-0.000674496950174528,-4.9826286621689e-05,0.000109389900753597,0.78568703951688,18,0.90699485324202,0.614545449037739,0.980638039846901,0.369194714429935
26,"CN 105604 AGL",-0.0226842372851851,0.000647356793275668,0.0024397333545077,-1.93675004684476e-05,0.833135175376244,18,0.256464899123199,0.580638839825811,0.178760655966017,0.854950921900507
27,"CN 105605 AGL",-0.0252837935355342,0.000622819666850033,0.00243274193184178,-4.54822278521001e-06,0.825728496450447,18,0.313983249883047,0.672230629272916,0.285064729720414,0.972777593361799
28,"CN 105715 AGL",-0.0197010254123842,0.000149212107248366,0.00202743816876971,3.03834146457576e-05,0.865087397908479,18,0.300470104940379,0.893553918047132,0.239938933259141,0.763692712348567
29,"CN 105732 AGL",-0.0150802639593037,0.000314319651940013,0.00149862615152096,2.26418435945529e-05,0.848849017263087,18,0.463930556781687,0.795344961039125,0.421397235420972,0.836526095892695
30,"CN 105767 AGL",-0.0141159409744436,3.70880457643317e-05,0.00144034699691496,5.04102542852154e-05,0.843705318274926,18,0.552278228917787,0.978824956752279,0.503078953103463,0.690704333972311
31,"CN 105777 AGL",-0.0298220899490341,0.0011785667364655,0.00292886377568872,-4.96390545558557e-05,0.846465093138893,18,0.147205160589851,0.32875945007501,0.116294872839409,0.648415060739157
32,"CN 105789 AGL",-0.00502460532233779,-0.000452002982638525,0.000895373718101053,8.11036918039872e-05,0.767378520454266,18,0.834758860493372,0.750295658221372,0.681503236773962,0.529083717925563
33,"CN 105791 AGL",-0.0169382042772732,0.000764618282324553,0.0015978526179583,5.77069668650463e-06,0.785445451629214,18,0.55806185227352,0.65333518032281,0.541256199616895,0.970098105109044
34,"CN 105862 AGL",-0.00702800236862597,-0.000394842199758367,0.000998121977792654,6.47952209748748e-05,0.902837392689948,15,0.644043761221909,0.658517111173274,0.469639215514855,0.424925252078714
35,"CN 105863 AGL",0.000728654724323963,-0.000943166274122921,0.000386957834896421,0.000108917594257071,0.889436184081933,14,0.961600549888344,0.293602351654122,0.777553461858939,0.18196614107289
36,"CN 105864 AGL",0.000311837569816909,-0.000818781259938553,0.000473024382426424,9.54682943235191e-05,0.906057838044647,14,0.98193457136172,0.316117504150555,0.704393472204417,0.198264810281031
37,"CN 105865 AGL",-0.00632918267932222,-0.000480774297314466,0.000986894922055159,6.91434139315269e-05,0.915431648311602,14,0.638895249609625,0.546094876320731,0.419655588901879,0.339080544000654
38,"CN 105895 AGL",-0.021539106393306,0.000715402830936096,0.00231471514503368,-1.91507138754323e-05,0.826238724427746,18,0.269085309555922,0.532182315039726,0.190362460159885,0.853192948342833
39,"CN 106265 AGL",0.00335343862048369,-0.000890322986774747,1.72917984860118e-05,0.000114504802754491,0.871801434867426,17,0.848278040748194,0.391241845660959,0.991311211461039,0.225601127973517
40,"CN 108369 AGL",-0.00623839487001306,-0.000204266466494308,0.000857651338835342,5.71217999513988e-05,0.851885109191064,17,0.714862008718639,0.838640527694299,0.580147606017796,0.531299985166278
41,"CN 108370 AGL",0.0154020770266605,-0.00142590575636599,-0.00122015886212602,0.000172784641365143,0.838706696535481,17,0.385805618142813,0.175175453104797,0.447666158015948,0.0719543339194864
42,"Crimson AGL",0.0089141574327513,-0.000952830351141282,-0.000547272742609562,0.000132759881412562,0.72752413488473,18,0.73851033362044,0.546299023005176,0.820622268202969,0.354037555432576
43,"DPL 62 AGL",-0.039473384065913,0.00175471392842253,0.00389184260302056,-0.000108502482828502,0.807498505858222,18,0.108116045709278,0.223009727619977,0.0808299152087501,0.403626608721015
44,"Eston AGL",-0.00216669044132644,-0.00077026621349439,0.000491212406605442,0.000106067798694442,0.867791561217181,18,0.891713594321166,0.414579473771134,0.732841556285895,0.216071698586225
45,"Gudo AGL",-0.00481926123236393,-0.00065095402245488,0.000960980477835221,8.36899466190768e-05,0.900011341203641,18,0.736030837567845,0.441862316490782,0.458282368681431,0.275777102336254
46,"IG 1046 AGL",-0.00433149129653476,-0.000670741089003165,0.000595448596829225,0.000103803470722735,0.829182389745263,17,0.833485204915245,0.581955713380291,0.749321734303683,0.347807450766189
47,"IG 1706 AGL",-0.0199234551988171,0.000123285541469905,0.00207040037805077,2.58217499076083e-05,0.89608924337881,16,0.169144582236037,0.884026636046722,0.115573741484575,0.736054071526849
48,"IG 1959 AGL",-0.0202410639697602,0.000283673691409218,0.00212619821115619,1.24610704349841e-05,0.817637715924412,17,0.358851727385904,0.826785684325695,0.287438278749142,0.915441739715296
49,"IG 4258 AGL",-0.0257453088251192,0.000744123928942922,0.00276040295899292,-2.99422931860118e-05,0.844168491883161,18,0.179903897434847,0.508626737659707,0.113111440622709,0.768387394762351
50,"IG 4781 AGL",0.000798201872802239,-0.000773810764808658,0.000228380794819824,0.000103228352050789,0.865148340761667,15,0.956119387386555,0.368567240599244,0.861879294447869,0.18762392578899
51,"IG 858 AGL",-0.0167105196280294,7.77769617655696e-05,0.00177376814561087,3.21283998429637e-05,0.848140500821977,18,0.38948868756789,0.945771982449319,0.312806474200577,0.755987213001767
52,"ILL 10657 AGL",-0.0308199037339135,0.00116419717643988,0.00315928138303528,-6.00807940428253e-05,0.759398568313712,18,0.208021602934095,0.417995058874606,0.154650916207424,0.643654991415307
53,"ILL 10748 AGL",-0.0326314408040889,0.00175977460952684,0.00316965722629802,-9.76295967544868e-05,0.795729604044947,18,0.201508770684695,0.240210744965042,0.171427196303768,0.470288825723207
54,"ILL 11547 AGL",-0.0514850350170263,0.0025781214630528,0.00494148374822157,-0.00017862735946267,0.739407626362073,18,0.0542811542843583,0.100634703717465,0.0417823325887261,0.206450821509923
55,"ILL 11548 AGL",-0.0190190913599658,0.000663405825698407,0.00188227012774685,2.82532359404886e-06,0.800241143409219,18,0.466210000972415,0.665725509808366,0.425927798096542,0.983780736604894
56,"ILL 11553 AGL",-0.0325727243376164,0.00130822627418454,0.00334597001915768,-7.56887811130824e-05,0.7924892566866,18,0.180000877603475,0.359279994781238,0.128752008350807,0.556408517246469
57,"ILL 11555 AGL",-0.0397096879171909,0.00190554296394265,0.0038400661158872,-0.000114876453963779,0.763056127623011,18,0.144932493570617,0.234170370110325,0.1197546552279,0.426529330777807
58,"ILL 11557 AGL",-0.0306309478068894,0.00141386779657765,0.00295941573213243,-6.58035208231368e-05,0.782810904455727,18,0.243361430453207,0.359673270710266,0.213482025703597,0.63685677133282
59,"ILL 11558 AGL",-0.0294000111870748,0.00125972550911801,0.00287877569280445,-5.47709749556415e-05,0.825085908531745,18,0.203155239837687,0.352991347018718,0.169227812547907,0.654638758286725
60,"ILL 1220 AGL",-0.00714819706402301,-0.000486904736450693,0.000877816615568629,8.54565370721315e-05,0.865586614855956,17,0.666486958275085,0.619232784480403,0.558647129454863,0.336752166072006
61,"ILL 1553 AGL",-0.00854096191240442,-0.000358725737314939,0.00097730788675184,7.87186076532521e-05,0.903301752913994,18,0.61107444356279,0.716857594449173,0.520710989078982,0.381382655231898
62,"ILL 1762 AGL",-0.00406429488010494,-0.000714474075399293,0.000761102887937745,9.12667003252897e-05,0.913224730956401,14,0.78487306399983,0.417007794926864,0.572723393282848,0.254004186556852
63,"ILL 1983 AGL",-0.0185041824818281,0.000296602037024033,0.00210852209811221,6.76780958576665e-06,0.91715377860769,18,0.166670794169497,0.704913034420735,0.0830340802370225,0.923782236876504
64,"ILL 213 AGL",-0.0182130753848326,1.7362323693358e-05,0.00204705661425386,2.85176761823823e-05,0.866861030011548,16,0.177407983184432,0.982451934677631,0.0954678519960928,0.69012060634572
65,"ILL 2194 AGL",0.0178485249923479,-0.00212344118945783,-0.00110517948963617,0.000213505932421637,0.913681350245056,17,0.19798598144887,0.0115437789940188,0.375649871555215,0.00531210020531666
66,"PI 431893 LSP AGL",0.00436314156786781,-0.000792849102631019,-0.000346681196201456,0.000130677772091627,0.81561722970473,18,0.859337001609163,0.584267225219885,0.876429199005768,0.321524960688835
67,"ILL 2507 AGL",-0.024859749755744,0.00081708670965381,0.00265361876709532,-3.23606706141837e-05,0.816267166290379,18,0.262302120783429,0.530413518835166,0.187076197153509,0.783332444134755
68,"ILL 2580 AGL",-0.0302555681271717,0.000843693871680886,0.0031703530454992,-4.39072064918768e-05,0.906265398373175,17,0.0497234672185126,0.346074442343831,0.0239542472209829,0.586820031530537
69,"ILL 28 AGL",-0.00994378188923922,-0.000389965738806618,0.00139769230837341,5.853295907764e-05,0.87699804106207,16,0.529642473039751,0.676314669850931,0.329635523202258,0.488824941241359
70,"ILL 3025 AGL",-0.0231769307430664,0.000556425001085687,0.00254736516543457,-1.50981628586176e-05,0.902814313356574,18,0.102400547069817,0.501873649553441,0.0484889040679235,0.839876193281282
71,"ILL 313 AGL",-0.0180435088819811,5.70133664372983e-05,0.00205464795127422,2.20818475734752e-05,0.925035512890876,16,0.171900777177282,0.941118664937261,0.0872673822973089,0.752195197252372
72,"ILL 3347 AGL",-0.0302407930273474,0.00108400357901587,0.0031364870532214,-5.80591238944788e-05,0.86143848443631,18,0.110414402262223,0.32847568840204,0.0682263019041888,0.561689102638521
73,"ILL 358 AGL",-0.0192917223981137,0.000180674922023896,0.00218961306454541,1.24071811910633e-05,0.889695342276907,18,0.161919822221922,0.822667059169161,0.0809445215088875,0.864921398991912
74,"ILL 3597 AGL",-0.0110633567538228,-0.000296217690910395,0.00146886614126801,5.77639843289381e-05,0.918110671210129,18,0.420204540109482,0.714248376850711,0.238219986345617,0.430783008542861
75,"ILL 4164 AGL",-0.00578776247757998,-0.000661112052393912,0.00107954543940152,8.08992578760369e-05,0.90075601384297,15,0.676015919484676,0.419652483042203,0.390245817477316,0.276770777659219
76,"ILL 4400 AGL",-0.0060881276054039,-0.000514558244245429,0.000960896790117287,7.52144563274288e-05,0.913783569821436,15,0.664608303794647,0.535008507227215,0.450286091301906,0.31813219722989
77,"ILL 4605 AGL",-0.0332913664727095,0.00177879407307281,0.00321075760881291,-9.76313978421489e-05,0.762970590600228,18,0.277579047111371,0.324470456387287,0.247719073337728,0.549242834797636
78,"ILL 4609 AGL",-0.0215089154591277,0.000251943424693412,0.0024223240679103,-1.10482896090363e-07,0.905844429015878,16,0.139137835501818,0.766671270686532,0.0671629654716146,0.998850932666476
79,"ILL 4665 AGL",0.00448466328095855,-0.0010369515583658,-5.152133421629e-05,0.000127121591849131,0.867612492528665,18,0.782044802585175,0.28201900711709,0.971932041796508,0.146648719339302
80,"ILL 4671 AGL",-0.00839946880237621,-0.000325740254290587,0.00120146269401265,5.57384081597071e-05,0.909945789233313,15,0.541604773246649,0.687662130193125,0.33636223192369,0.448656481244841
81,"ILL 4768 AGL",-0.0125969031316503,-9.87014966224909e-05,0.00157544081487208,4.74331083090144e-05,0.753632878438433,18,0.602633955116256,0.944753527122572,0.472489890074636,0.713344301416955
82,"ILL 4782 AGL",-0.0189694083393808,0.000280657225559327,0.00211542756634324,1.59965396966713e-05,0.793857808133852,18,0.405668081053134,0.834472630272776,0.306350084559397,0.895365435044902
83,"ILL 4783 AGL",0.0193368413796425,-0.00189869725781809,-0.00144625969628669,0.000205244332073474,0.883062023847168,16,0.195095297851909,0.0336533955565616,0.282777375220555,0.0120003091411476
84,"ILL 4804 AGL",-0.0203370157970451,0.000213487273715373,0.00229642768134023,7.79652511155561e-06,0.90364527575526,17,0.15513036791763,0.797068109685749,0.0782904623280368,0.917522738686734
85,"ILL 4875 AGL",0.00504848357142025,-0.00099411560269983,-0.000206788318494237,0.00012579106962098,0.917681555165715,15,0.705755992647968,0.210564499063814,0.86425796993033,0.0826059477247579
86,"ILL 4956 AGL",0.0132513469107362,-0.00152970416252659,-0.000960865619398941,0.00017758479055946,0.909167433827322,17,0.329325821487745,0.0596433195221427,0.433747753248621,0.0170904136466851
87,"ILL 5058 AGL",-0.0203533109540428,0.000443968279972902,0.0022325006126568,-1.42449970906272e-05,0.87552731026764,14,0.200576038258216,0.633344079370546,0.12177595397321,0.86553400102173
88,"ILL 5151 AGL",-0.00764133817163379,-0.000489473593741125,0.00122460867697671,6.62748759332669e-05,0.892611310021018,16,0.586637580063965,0.555504149857128,0.336819854727132,0.378676433712032
89,"ILL 5209 AGL",-0.0140751828445988,-0.000125200100260643,0.00182237589892644,3.30656503177416e-05,0.856436858128999,17,0.36460196370159,0.89069954494262,0.196736973721024,0.688931187246591
90,"ILL 5480 AGL",0.00741725548748912,-0.00111372857172081,-0.000421361190300972,0.00013890981348059,0.862699757870989,18,0.629149463644012,0.22217927240902,0.761530665256658,0.0948912902798355
91,"ILL 5639 AGL",-0.0218796025717573,0.000447530765276355,0.00234146644817864,-5.31680124240428e-06,0.778163158045626,17,0.348253027932271,0.742991712546863,0.268595747854967,0.965711183746799
92,"ILL 5722 AGL",-0.0287822456620221,0.00103513536004397,0.00265943928598537,-2.97690883238482e-05,0.852740844697875,18,0.213121334609334,0.445652797375328,0.203680998207062,0.808116440874504
93,"ILL 5883 AGL",-0.0206390445598024,0.000228046192539508,0.00236998385658702,4.00784165913652e-06,0.862435902958136,17,0.1635694033829,0.792167867992873,0.0788311926016483,0.959203733162661
94,"ILL 5888 AGL",-0.0387855972625422,0.00285043526318966,0.00308290402984927,-0.000128471861328906,0.841141083798318,18,0.352462806875591,0.247545350101558,0.413759555046946,0.563016277388868
95,"ILL 5945 AGL",-0.0327825502207491,0.00121837644001167,0.00338794427986815,-6.88935443917195e-05,0.782747475014584,18,0.165576500505325,0.379721391379382,0.114256599207002,0.582456171386694
96,"ILL 6002 AGL",-0.0259408347669253,0.00135298417477439,0.0025455195306419,-5.76419606165928e-05,0.77384302802353,18,0.332003311842229,0.390034840740651,0.292716513128314,0.684729982417584
97,"ILL 618 AGL",-0.0113303184400744,-0.000209978397019427,0.00124966659340274,6.21122134145068e-05,0.890121446447067,18,0.479666286489522,0.823699473213251,0.389713171700242,0.468095076402651
98,"ILL 6182 AGL",-0.0131824522281841,-0.000114727417348149,0.00171029175985092,3.58492100155117e-05,0.876163668051419,17,0.371530606553658,0.894912821337388,0.201480096444623,0.648202694584778
99,"ILL 6211 AGL",-0.0478937142254024,0.00260865478233827,0.00458390042776283,-0.000178213477316559,0.779699819105136,18,0.0699475743298568,0.0917408115995954,0.056107255838668,0.201177080092239
100,"ILL 624 AGL",0.00244051255193723,-0.000935762518339189,7.84922727395337e-05,0.000120133253482362,0.893235561996838,17,0.85027179514466,0.223458596775034,0.946493075289401,0.0868649450291183
101,"ILL 6821 AGL",-0.01495106436562,-0.000172193989986347,0.00194537554477296,3.25656114069577e-05,0.905347079228029,14,0.302122254082353,0.839565860989612,0.140002166238941,0.67265294964863
102,"ILL 6853 AGL",-0.017286148890335,0.000158139653590297,0.00212421365928019,5.62781188321444e-06,0.858971711711413,16,0.271373054803065,0.863785629365831,0.137296297245254,0.946226678918189
103,"ILL 7089 AGL",-0.0189324513704186,0.000199217532824618,0.00191349751222876,2.7417122078408e-05,0.890364675630116,17,0.24235101838263,0.833688496676392,0.192369258538987,0.749720057119208
104,"ILL 7558 AGL",-0.0151863544273226,0.000629924223941343,0.0016309734461164,-4.98492073668379e-07,0.771353342290676,18,0.529255416467201,0.658523569949339,0.455004472903226,0.996909582110426
105,"ILL 7663 AGL",-0.0257103222568259,0.00184937452109154,0.00209393916871097,-5.85359155364396e-05,0.780694455865808,18,0.522093476878701,0.43568857926232,0.564316889880765,0.784695881287129
106,"ILL 7668 AGL",-0.0180357822592848,0.000405386309681147,0.00196895466553485,6.97565910267856e-06,0.846189670668609,18,0.32290872124232,0.705542868476043,0.233747513145646,0.942672750037127
107,"ILL 7716 AGL",-0.0328454203623458,0.00180337526659241,0.00312647117086384,-9.65835280808634e-05,0.780797388876503,18,0.2433466078208,0.276212092387379,0.220463717126904,0.518210578796086
108,"ILL 7747 AGL",-0.0284222692077797,0.000734321840857266,0.00312282332068339,-4.69138530948396e-05,0.892126236286226,15,0.048649010174056,0.380169179038391,0.0176968628049836,0.534992228796975
109,"ILL 7946 AGL",-0.0319267742845385,0.000910686560484849,0.00337676809130187,-5.58012974866942e-05,0.874718258035193,17,0.0393200177551451,0.311227602791682,0.0167925306476486,0.492009048149906
110,"ILL 7978 AGL",-0.0273152921832827,0.000961214834824946,0.00290932634367085,-4.61998754158171e-05,0.727410467674572,18,0.30557647533857,0.53937876179588,0.228933889158945,0.744354140153148
111,"ILL 7979 AGL",-0.0184196311280794,0.000451318602919638,0.00211250430509066,-2.74824979134435e-06,0.79635303440759,18,0.401994717461345,0.727274025485335,0.288836522068645,0.98126230154966
112,"ILL 8007 AGL",-0.0501901117572384,0.00244213084761051,0.00475284430486025,-0.000159566610966734,0.887231310772549,18,0.0194134950365886,0.0519626688246194,0.0146269319869884,0.156577615901455
113,"ILL 8009 AGL",-0.0325835050077392,0.00132399157618085,0.00321375711922135,-6.54471888473233e-05,0.801854946286291,18,0.205941646567382,0.381233591540227,0.168784260699813,0.631849214235414
114,"ILL 8010 AGL",-0.026695737185203,0.00102900057313998,0.00265712395540624,-3.79819069742831e-05,0.824773086724783,18,0.279926044241506,0.478856784500013,0.23510749200537,0.772355227630968
115,"ILL 8072 AGL",-0.00303208292185231,-0.000838774336437519,0.000755753368108516,9.96057289491291e-05,0.883688052885427,15,0.849360720353268,0.375467490010877,0.601019013069684,0.24610399174203
116,"ILL 8174 AGL",-0.0126763300491239,7.75503713413308e-05,0.00130344101425844,4.3844161834325e-05,0.736485211507123,18,0.691232201118964,0.967094577955272,0.651925279422934,0.796879060966239
117,"ILL 8595 AGL",-0.0168179311205861,0.000387740650201387,0.00154941256090586,2.76400247626648e-05,0.754738092404522,18,0.563207675722599,0.820868240833912,0.5562959771529,0.858570186984746
118,"ILL 9 AGL",-0.0375590927047935,0.00142008266534503,0.00369164591168062,-8.22410872161109e-05,0.775714362774875,18,0.126466414620166,0.324031518433026,0.0975812391259642,0.526960628060374
119,"ILL 975 AGL",-0.0254020292533,0.00047451758901894,0.00292715030930963,-2.65581878892887e-05,0.904151449411374,16,0.053738700653604,0.534050799930204,0.0150330386688411,0.700044936367288
120,"ILL 9888 AGL",-0.0226916727606053,0.000411344302719499,0.00242695548592748,-5.43210561679185e-07,0.790811050279424,18,0.304913692575335,0.751126792451225,0.226467860329682,0.996308850175705
121,"ILL 9932 AGL",-0.00797721983084786,-0.000325824585520376,0.00110014082899459,6.96594225716427e-05,0.79893674005446,18,0.726128494015141,0.808192558613395,0.593857223235561,0.567204765374614
122,"ILL 9945 AGL",-0.0133202922726746,-0.000162574932146966,0.00172355595539984,4.41457931516919e-05,0.906849002315811,17,0.341990719125056,0.843262966508663,0.176497062357171,0.553875991805174
123,"ILL 9977 AGL",-0.0193541448531851,0.000404522326717933,0.00212136225223969,7.0742286732782e-06,0.777857501863699,18,0.436211067649689,0.781911849039284,0.346459438894277,0.957364808479447
124,"ILL 9997 AGL",-0.0396755604935388,0.00182630703878301,0.00390788652680417,-0.000114533782426476,0.78890103452201,18,0.112272571444558,0.213152582702032,0.084526488900642,0.386673273462864
125,"ILWL 118 AGL",-0.0172918024281657,0.000423814364940733,0.00186117249245173,5.39970365635967e-06,0.805426926605924,18,0.50074737417527,0.778687741486575,0.423604412792506,0.968432313881026
126,"Indianhead AGL",0.00652454917751362,-0.000830339850477117,-0.000292424410396817,0.000107988347408628,0.877875099386682,15,0.656166065797772,0.33745420527131,0.825310642456529,0.170338271102659
127,"IPL 220 AGL",-0.0360805714344798,0.00155906643822169,0.00354834087967341,-8.68083981333434e-05,0.783546853050943,18,0.17369200087516,0.316537423266442,0.140048938030361,0.5367683811673
128,"Laird AGL",-0.00529059218078909,-6.37625620508379e-05,0.000676142944742917,5.16840234861216e-05,0.84259302021216,18,0.74760093043517,0.94755579604126,0.649624742548089,0.556790352942283
129,"LIRL-22-46 AGL",-0.0288496952948724,0.00171647008060065,0.00265261816527206,-7.47782006223776e-05,0.764295454577488,18,0.468667667036951,0.464550895264181,0.461705101157052,0.724487306693104
130,"PI 163589 AGL",0.00247277405535273,-0.000946234596970357,0.000232781783090044,0.000109960006670471,0.901738492203748,14,0.853654030070745,0.234949348637237,0.847816046281742,0.129313889931484
131,"PI 169534 LSP AGL",0.00793508162611313,-0.00117097805086582,-0.000555038070936093,0.000152104275987734,0.843818642934239,16,0.679054727397798,0.302967699094387,0.748956806970043,0.141731363061708
132,"PI 175754 LSP AGL",-0.00842758138145424,-0.000465557820356194,0.00108131976654533,7.6463660609814e-05,0.915334901576894,17,0.517224813196939,0.545001333121685,0.358924241080365,0.273477760538895
133,"PI 177430 LSP AGL",-0.00419458275320441,-0.000631468553289307,0.000797954672982756,8.34589096201625e-05,0.888942856676216,16,0.773079581849771,0.463904312015817,0.544430333253862,0.285636010044176
134,"PI 178939 LSP AGL",0.0187495108530293,-0.00188635220289449,-0.0014357026416416,0.000208159102823582,0.847349369740277,17,0.257496383395606,0.0567948741203268,0.336610818061307,0.0212466264902513
135,"PI 178952 AGL",-0.016357787343108,0.000111451151779676,0.00170689207797756,3.30510680039664e-05,0.874901020030639,17,0.345435368170997,0.912867242299996,0.277199203133938,0.720249453018773
136,"PI 178971 LSP AGL",0.0127783439221073,-0.00153236769695411,-0.000857014693154364,0.000174526883524839,0.912636264014901,16,0.326627818091249,0.0494881090489393,0.466128013985235,0.0145263801732145
137,"PI 179324 LSP AGL",-0.00888149683671654,-0.000454129041636673,0.00122195171426433,6.66226442782969e-05,0.900507536098283,14,0.568786491639509,0.620934334387527,0.387490394774067,0.424196306118925
138,"PI 179330 AGL",-0.000826685871289778,-0.00089117633113813,0.000422707671163852,0.000111780203057531,0.909824251235204,18,0.949362371585057,0.249815204346521,0.719660107508296,0.112801287566283
139,"PI 181771 LSP AGL",0.00526571709243728,-0.0010805101572837,-0.000159086384376183,0.000132392896614596,0.93142576817976,16,0.656375909153209,0.125596953694029,0.881838772643506,0.0401955490630403
140,"PI 181886 LSP AGL",-0.00864605863508507,-0.000415332687856197,0.00131440409637304,5.80973021584182e-05,0.883918229657214,15,0.544934845286933,0.621930839719077,0.310723505996989,0.447013391722809
141,"PI 182217 LSP AGL",-0.0116124286376451,-0.000204498454480232,0.00132808610461657,5.70581300189194e-05,0.870471061607693,18,0.50724958214154,0.842976805755917,0.403046240830088,0.542558367680477
142,"PI 193546 AGL",-0.0158259040253285,-6.24387633101502e-05,0.00195118027815879,2.60394391325528e-05,0.900308316153959,14,0.283546312918764,0.942442456182907,0.146102141491916,0.739735421217184
143,"PI 193547 LSP AGL",-0.00999355063063159,-0.000152993774450869,0.0013123619199611,4.15030845944057e-05,0.902333766685561,17,0.437660946177812,0.840248170716879,0.261009112945148,0.545819193574617
144,"PI 193548 LSP AGL",-0.0329461183391217,0.00120807594219062,0.00339063573513243,-6.68213067095538e-05,0.784202082177674,18,0.144905693090744,0.361760930491922,0.0983180649711643,0.576475078790143
145,"PI 193550 AGL",-0.0392310324236627,0.00169656576462768,0.0038660141972176,-0.000101570180007058,0.749371528434614,18,0.12432752000987,0.257420197628906,0.0948337718972192,0.452386372024259
146,"PI 207492 LSP AGL",0.0105808357446335,-0.00142962341031003,-0.000652126260471949,0.00016476645483925,0.90693100507,16,0.443491591643901,0.0829294926611522,0.601205424820725,0.0288499329203393
147,"PI 518731 LSP AGL",-0.00995834480719084,-0.000188326919600924,0.00115088902602643,5.71217002973145e-05,0.837176308181331,17,0.571915207364465,0.856056275396771,0.470698881481899,0.544124100173424
148,"PI 209858 LSP AGL",-0.00831202489383637,-0.000101097028716113,0.00118120177148618,3.28066300318575e-05,0.856051346271576,13,0.57101247908153,0.906891117095505,0.37461460567484,0.675373415584033
149,"PI 211052 LSP AGL",-0.0047912030877415,-0.00067728261950691,0.000753879690039686,9.31495281877388e-05,0.930921387369384,15,0.732482433913333,0.414176844056597,0.552696741055342,0.217039280929611
150,"PI 212100 LSP AGL",-0.00504913522833361,-0.000566410514856412,0.000794075740627229,8.29354164557454e-05,0.9246123847299,15,0.696927612444599,0.457964126228425,0.499539658212074,0.232780328537163
151,"PI 212610 LSP AGL",0.0155469202666933,-0.00168983044351065,-0.00108422047873962,0.000186647957963003,0.920927452658894,16,0.196017188939917,0.0194552096901701,0.31747259519891,0.00492744660333062
152,"PI 217949 LSP AGL",-0.0178733231262971,7.0954418996373e-05,0.00207892319170514,2.35655328893168e-05,0.873219023156194,17,0.300422340280189,0.94413825017578,0.18468157173165,0.797265725842182
153,"PI 238758 LSP AGL",-0.0145470120244728,0.0003025068600728,0.00139552461017452,2.8412058344522e-05,0.787554170713642,18,0.542053151737344,0.829576174695255,0.518041794200092,0.823352894562828
154,"PI 244046 AGL",-0.0190756716044374,0.000696858741392514,0.00188622359695859,5.7506602417385e-06,0.815414135520393,18,0.461171837598728,0.647678770535822,0.420805144369159,0.966747188135595
155,"PI 250156 LSP AGL",0.00581407505036861,-0.0013336095684391,-8.65729583727791e-05,0.000148215073443307,0.890353776814563,16,0.684935595533792,0.119149655709253,0.946714432045106,0.0573475630751544
156,"PI 250158 LSP AGL",-0.0163194863773908,0.000351131564101226,0.0018743606115816,1.28864857419966e-05,0.761648821427258,18,0.520840881111504,0.814375938428067,0.415848222871956,0.924204178911764
157,"PI 251248 LSP AGL",-0.0395333051115165,0.00185148938052499,0.00368797190342022,-9.38070438502918e-05,0.852399793322024,18,0.216136447976344,0.32349567140401,0.202360169466517,0.579174942174975
158,"PI 273664 LSP AGL",0.00216573975732927,-0.00111030721206045,0.000166703410073366,0.000128665261444326,0.902501245334279,14,0.88380537130928,0.207574421382145,0.90103897608519,0.108604216406451
159,"PI 280686 AGL",-0.0276573547764391,0.00103739694867403,0.00280646902091856,-4.41991790350538e-05,0.788200059447625,18,0.283150907798409,0.493540210315944,0.229373949942026,0.746895563888126
160,"PI 283604 LSP AGL",0.00681410726827218,-0.00123900969349274,-0.00015554842520948,0.000135502711076137,0.915005092772017,16,0.61288120668683,0.124244283931053,0.8981579559532,0.0643290802005671
161,"PI 289066 AGL",-0.0234130594856673,0.000789477765024929,0.00254928982116045,-4.77046980219894e-05,0.828934430849749,14,0.146805596993757,0.404776804142324,0.0824163533889649,0.577638702400487
162,"PI 289073 LSP AGL",0.00852170044495933,-0.00125813435263868,-0.000440400900599877,0.000146712267625032,0.920387596855189,17,0.479039057669182,0.0810938257991033,0.685078259559508,0.0259109024396949
163,"PI 289079 LSP AGL",0.0233755123865299,-0.00213241544716931,-0.00176143125063442,0.000222528160309914,0.951559832829839,16,0.06939311668685,0.00612000737103268,0.128126417925056,0.00178030796985394
164,"PI 290716 LSP AGL",-0.000361540007291835,-0.000802132257535725,0.000362761666246387,0.000105789087043824,0.908595294085419,16,0.980152457717966,0.351800220683269,0.782686749340948,0.17717335506426
165,"PI 297285 LSP AGL",0.0149917256716411,-0.00158039247912013,-0.00101010242479861,0.000176439398235307,0.931235746048206,17,0.186722700618634,0.0209135368092091,0.322987030709551,0.00492561114390176
166,"PI 297287 AGL",0.012551046115835,-0.00162610132224943,-0.000723205776037445,0.000174493050800558,0.930391749781531,17,0.286065388305759,0.0222350228838088,0.494757664797247,0.00724329730941181
167,"PI 297754 LSP AGL",-0.00545784416147097,-0.000534406014527428,0.000745084348083388,8.62348102240869e-05,0.911668133579546,17,0.708087320518332,0.533776898304374,0.572473622827909,0.269426174884152
168,"PI 297767 AGL",-0.00106514840541953,-0.00075586861727386,0.000512746547334071,9.3963569928014e-05,0.903853795175607,14,0.944607842880214,0.402981858467237,0.712107426491469,0.253016282146093
169,"PI 297772 LSP AGL",-0.012880597121229,-0.000133804301953273,0.00169287294220381,3.18872611044082e-05,0.882551455640861,14,0.424744117806184,0.887901155596386,0.247871354765153,0.710831767377648
170,"PI 297783 AGL",-0.0230607338379448,0.000650885663754305,0.00244197934675272,-1.17912245536854e-05,0.790867535353511,18,0.319075032032128,0.632297053902674,0.244408928004102,0.923657151830002
171,"PI 297787 LSP AGL",0.00144047451637514,-0.00102106565745733,0.000155467477301597,0.000128970289634547,0.917199052164118,17,0.914502800358657,0.201400297638804,0.898022449404928,0.0766918008927924
172,"PI 298023 LSP AGL",-0.00943426225454284,-0.000349192537329699,0.001066185743031,7.56758606766752e-05,0.896415536838001,17,0.555841123201799,0.711482713638665,0.462279806121015,0.377620741962392
173,"PI 298121 LSP AGL",-0.0128709241530814,0.000119540757132451,0.00134377688945531,3.98059812399021e-05,0.753458087843258,18,0.642700820109979,0.941460478388143,0.592957067397425,0.787473157022051
174,"PI 298122 LSP AGL",0.0103586326120019,-0.00134009693535691,-0.000633212698921414,0.000156319091245414,0.906578248311344,17,0.43932080652827,0.0943339596115243,0.600252036617059,0.0324608491448567
175,"PI 298357 LSP AGL",-0.0127941461750032,-6.21033489893217e-05,0.0013226843988802,5.44436286721477e-05,0.836128942372451,18,0.623890583272433,0.967809920507484,0.57521787416105,0.696026477622364
176,"PI 298631 LSP AGL",-0.0011520463789608,-0.000599493797763355,0.000398632011437163,8.81856885130392e-05,0.881300835952318,16,0.939482653552937,0.504053321859453,0.771549786886697,0.279455824878268
177,"PI 298644 LSP AGL",-0.00434864876868973,-0.000336678124681579,0.000722295440282023,6.28232104060207e-05,0.809838662723773,16,0.795591232512368,0.733683558465107,0.633934067776885,0.483423498175703
178,"PI 298645 AGL",0.000976361801247054,-0.000810417338850625,0.000267636679553003,0.000105337229446154,0.872032317066665,18,0.95119221376998,0.391946347172075,0.852728742117104,0.220246127013246
179,"PI 298921 AGL",-0.0252646330425642,0.000625459960100142,0.00282121301167865,-3.61294203026523e-05,0.918068725917781,14,0.0667896560114747,0.435136382297192,0.0249472048634499,0.617981005462918
180,"PI 298922 LSP AGL",-0.00922737445407816,-0.000326153383000936,0.00117613759381038,5.96114475500885e-05,0.917678816216338,16,0.523570150669166,0.702004831088699,0.36991755200553,0.44107179339391
181,"PI 298923 LSP AGL",-0.0184076612931487,0.00012930068974189,0.00192853046233376,2.66233901253878e-05,0.892312173650436,16,0.226145422861008,0.884546249418224,0.161857526394308,0.741287462525232
182,"PI 299116 LSP AGL",-0.011659756806598,-0.000184778489100544,0.0013905233542531,5.28160855772521e-05,0.891912781756688,17,0.470833341750264,0.846007543919404,0.342858517916464,0.540641816421298
183,"PI 299120 LSP AGL",-0.0185045355215102,0.000439142504741274,0.00193249938792378,6.81083497881141e-06,0.782442231729107,18,0.457705314332117,0.764636287159781,0.391775165907912,0.959088474379272
184,"PI 299121 LSP AGL",-0.0146948525957508,0.000108831550403784,0.00171253718764262,2.85401882138412e-05,0.80481666504572,18,0.509312490842713,0.933840314435935,0.395982493865118,0.81007408560042
185,"PI 299126 LSP AGL",-0.0200042401936304,0.00016397096110449,0.00232084196583511,1.06701744597225e-05,0.922807873103687,17,0.136753896551851,0.834671164950139,0.0579210339677209,0.880522199634965
186,"PI 299163 LSP AGL",-0.0114390485318758,-0.000193054920423598,0.00145368865158765,4.36456730942252e-05,0.847505867086532,15,0.49197115577229,0.843155816371098,0.336091795467734,0.622123822246355
187,"PI 299164 LSP AGL",-0.0193662272421498,0.000249412582571362,0.00215165645426003,6.97771497886977e-06,0.888223986445032,18,0.191502174421564,0.772942553713046,0.110441621591688,0.928909792400581
188,"PI 299165 AGL",-0.00593147218903123,-0.000571636050052685,0.00100739702536216,7.44499539519053e-05,0.908925866552656,14,0.684950304423861,0.508154283348239,0.447202869822973,0.342383556394609
189,"PI 299177 LSP AGL",-0.00370584294697833,-0.000770396792844449,0.000753776574573385,9.56628488025486e-05,0.929213969286271,16,0.769612565667962,0.305775958705022,0.510509613738686,0.161334153721969
190,"PI 299237 LSP AGL",-0.0268721348286821,0.000825167601860162,0.00272882335398021,-3.56358151601904e-05,0.841451691579023,18,0.196851525331985,0.495969151548742,0.149335413089989,0.745453390539099
191,"PI 299289 AGL",-0.00863933562557036,-0.000166720222180364,0.00104788470111536,5.40170593290624e-05,0.883224738562538,18,0.617180888095168,0.869236434762626,0.503987568468653,0.557216115424884
192,"PI 299312 AGL",-0.00278539986227984,-0.000539535552476892,0.000611213686666287,8.01968745257474e-05,0.841976537545292,18,0.873047680735217,0.601035114942063,0.69820988059444,0.391035520366081
193,"PI 299345 AGL",0.0117127862907215,-0.00149202104214593,-0.000587174696803831,0.000158327769153622,0.877514463502709,15,0.422819487697416,0.0873607447121744,0.656248441428027,0.0463546988101113
194,"PI 299351 LSP AGL",-0.00842639295821231,-0.000347519702356246,0.00106831437534983,6.73608346263893e-05,0.858055769662786,17,0.627318899177835,0.733921299767737,0.497006103308905,0.468008663330854
195,"PI 299366 LSP AGL",-0.0105875378485124,-0.000219161260282621,0.00154337790296919,3.75006103938456e-05,0.832511227712342,14,0.497087360441935,0.811333224108675,0.275623082254426,0.652196455048778
196,"PI 299375 LSP AGL",-0.00837217686940732,-0.000446443607450609,0.00118380021172272,6.69041761063361e-05,0.882302688514024,16,0.597333406121439,0.633670480251515,0.409480968064581,0.430323053671265
197,"PI 300250 LSP AGL",-0.0338358797452782,0.00106926294543499,0.00353491446230971,-7.23954999179124e-05,0.902233139438817,15,0.0277198462455151,0.227498985920959,0.0118431441065757,0.365928947724219
198,"PI 302398 LSP AGL",-0.0291002646903616,0.000879088197143337,0.00302890917894759,-4.3398737736565e-05,0.789107800539438,18,0.153846770069825,0.461966864399451,0.101964925516346,0.687833014571589
199,"PI 308614 LSP AGL",-0.00136906320678858,-0.000778193083099061,0.000615675198753022,9.24901662616028e-05,0.892912733404691,14,0.924949008237579,0.365702553584055,0.640162527582649,0.236778129097204
200,"PI 311107 LSP AGL",0.00242734418841492,-0.00100203133727171,0.000256010422597009,0.000112619122905077,0.859717620371075,14,0.870514454399223,0.25715874279954,0.849288604487255,0.161062374334267
201,"PI 312175 LSP AGL",0.0147402260180952,-0.0016200630740261,-0.000975308272199223,0.000176185295445771,0.902872490131382,15,0.313856521492279,0.0640190359440672,0.461232339170575,0.0276159539359114
202,"PI 320935 LSP AGL",-0.0149118019575383,-0.000209048176392195,0.00165465231623994,5.47554127465923e-05,0.905047187984968,16,0.288161909443176,0.79972300870522,0.1939083618699,0.464119630899722
203,"PI 320936 LSP AGL",0.00858215031188934,-0.000897091629683178,-0.000437041769086613,0.000124661072525105,0.744896134831428,18,0.728549018032033,0.538808211573099,0.845127318957104,0.347041315799602
204,"PI 320937 LSP AGL",0.00843888549252468,-0.000870618190515328,-0.00058884912003816,0.000125576565583341,0.775930798026366,18,0.750581316888583,0.578697761617833,0.806283860396001,0.377450310056842
205,"CN 105866 AGL",0.0106164835913206,-0.00143945956990526,-0.000572438497948284,0.000157670765483116,0.849171243163221,15,0.5427586502489,0.165269564552206,0.716325693560005,0.0946544570779424
206,"PI 320941 LSP AGL",0.00111849260683858,-0.00106683547743049,0.000232856754620124,0.000126521973355296,0.894593091352068,16,0.946333308577471,0.281208265182356,0.876950640964445,0.159751608958523
207,"PI 320945 LSP AGL",-0.00769690948954336,-0.000489304118950988,0.00115850808515628,6.59290508000239e-05,0.901749208476495,15,0.608686889439867,0.581615856761089,0.395217778552489,0.412506736616998
208,"PI 320946 LSP AGL",-0.00431454966299667,-0.000784990121100392,0.000908197797863762,9.29809916708555e-05,0.914866770645559,16,0.753156045967311,0.335490920720948,0.464862727261878,0.208312439410064
209,"PI 320952 LSP AGL",0.00903032618739247,-0.00098004092457496,-0.000534550047642573,0.000123776303250695,0.873265619668624,16,0.496083754293107,0.212710124231312,0.655779564573846,0.0846019877945052
210,"PI 320953 LSP AGL",0.0244442574670349,-0.00210165321616512,-0.00191937105487955,0.000222010468249412,0.897618149272105,15,0.0889618189929212,0.0146293816634009,0.138640483305637,0.00484075019461023
211,"PI 320954 LSP AGL",0.016556688015821,-0.00161028601941483,-0.00118344897094704,0.000180501647882855,0.879243843175851,17,0.233574458755257,0.0526059617897362,0.34504811334319,0.017432544487649
212,"PI 329157 LSP AGL",-0.0206240966637089,0.000300307470733333,0.00214629563389334,1.24167317451209e-05,0.871772494496885,18,0.200928468985602,0.750582573642707,0.142425708482564,0.884578132227926
213,"PI 329167 LSP AGL",-0.0150575425341762,2.8890312774893e-05,0.00166477529692542,3.56774661236326e-05,0.878190149216615,18,0.334015899841991,0.974814367870563,0.238904949397721,0.667128731642717
214,"PI 339266 LSP AGL",-0.0346072475453238,0.00109931620563208,0.00330714287907835,-5.21229207273332e-05,0.898848030784827,18,0.0485570380885114,0.280269969388605,0.0378046249476578,0.570229137616576
215,"PI 339283 LSP AGL",-0.00515457798521889,-0.000654360949824689,0.000980301654519083,7.98651536076633e-05,0.860827064013668,14,0.746079932055517,0.486705002821429,0.496401154016794,0.349079125644377
216,"PI 339285 AGL",-0.0114001426587103,-0.000313416812443762,0.00149197670696397,5.21779403035872e-05,0.862331135661166,14,0.480883252584151,0.74206076719464,0.309318694324093,0.545719438556096
217,"PI 339289 LSP AGL",-0.0274635728970396,0.000589743685544237,0.00272317539354663,-1.24850880269966e-05,0.853333962787908,18,0.161070509968315,0.606860766943375,0.125882422517881,0.904240800123618
218,"PI 339292 LSP AGL",-0.00939241757106772,-0.000389070729007528,0.00106054901936134,7.81952771009663e-05,0.890183653286532,18,0.571894411864956,0.691209136820542,0.480920430704968,0.379577801812183
219,"PI 339296 AGL",-0.001049101071253,-0.000833033172626653,0.000199334018817358,0.000127376580205,0.869741004602261,18,0.959953118512137,0.499394878850032,0.916121810371777,0.256669777845173
220,"PI 343026 LSP AGL",-0.00712384912495397,-0.00041595028427174,0.000871534848188378,8.06865914390998e-05,0.889172984851435,17,0.652558253167772,0.655963448712309,0.54298052088526,0.341655753307854
221,"PI 345627 LSP AGL",0.0156712122506671,-0.00150057271810119,-0.00110151645730546,0.000168935376764551,0.900556294186646,18,0.185617324692412,0.0345524030472909,0.301594648700196,0.00939000428543002
222,"PI 358602 LSP AGL",0.0165563161908036,-0.00172315564734002,-0.00123583866225374,0.000192786168111139,0.893931534903409,17,0.303697620964899,0.0716262437346541,0.395793567346054,0.0274907463618625
223,"PI 368647 LSP AGL",0.0065822948077408,-0.00121853771371303,-0.000262186716668637,0.000141586252017423,0.883829642827444,18,0.644700661084125,0.152487413156156,0.838859832049017,0.0679468960071447
224,"PI 368651 LSP AGL",0.0100281707217112,-0.00136437804067758,-0.000623981863853649,0.000157827971479996,0.895091407745804,17,0.483736423414888,0.1097139257211,0.629967109761511,0.0430105831144149
225,"PI 370481 LSP AGL",0.00069476919613503,-0.000846446718017327,0.000394092769989984,0.000100148127291024,0.883502372849536,14,0.960534755563383,0.309488679064037,0.756501215169753,0.185885052806703
226,"PI 374116 LSP AGL",0.0118442957880042,-0.00140376079463248,-0.000787746884387959,0.000163441767372926,0.912256754407288,17,0.386038816983166,0.0853566660229081,0.523426646288218,0.0285561382151239
227,"PI 374117 LSP AGL",0.000879163843719565,-0.00104931012320374,0.000314100281158949,0.000125095477717923,0.935844547483292,16,0.940504655501578,0.135673230305874,0.768327038886752,0.0514205561213869
228,"PI 374118 AGL",-0.0171739955848766,3.90114584874328e-05,0.00205944355132187,2.08903699364022e-05,0.930277593003296,15,0.162262403082612,0.956660108479561,0.0659761506566041,0.748073654442491
229,"PI 374120 LSP AGL",0.0101601500195759,-0.00129936852738683,-0.000450206644330382,0.000141894604451645,0.941951551343726,14,0.403262138422454,0.0736764736544746,0.68145637490408,0.0322192273701336
230,"PI 374121 AGL",0.00114606806057691,-0.000891498944442927,0.000257337930092906,0.000114365378652912,0.857858323899124,18,0.949791663073041,0.40900999154417,0.875681621675903,0.243006406770369
231,"PI 379368 LSP AGL",0.00240587324088318,-0.00101181429746317,0.000171018425654672,0.000122042698308899,0.88418875553811,18,0.861744422393236,0.21860048175023,0.891083830327166,0.102935639249985
232,"PI 383682 LSP AGL",0.000599652850416902,-0.000998726108219699,0.000268241233024211,0.000123065767334294,0.878770791633867,16,0.96858046692264,0.26963274788374,0.84552697607933,0.134781463552214
233,"PI 420818 AGL",-0.00436949862770983,-0.000613756771251625,0.000894934814867035,7.66856457587198e-05,0.890748002036611,14,0.763214315243888,0.473797036663343,0.496263989966802,0.324310641166177
234,"PI 420924 LSP AGL",-0.0171768055513032,5.48823397353514e-05,0.00210407492467426,1.55850320388769e-05,0.876274347328754,15,0.205223510127191,0.944925724106197,0.0884566179146068,0.828560474237051
235,"PI 420925 LSP AGL",-0.0386086583613965,0.00139720706361117,0.00412173641061088,-0.000111444405731622,0.915390700325164,14,0.0110442956435662,0.109516379031082,0.00310693758478721,0.158088577853678
236,"PI 420929 LSP AGL",-0.0201834957099504,0.000324398675686465,0.00238730236403086,-9.44492381806777e-06,0.898086843559777,15,0.159716339316417,0.698934119901402,0.0681143956604456,0.900973025228051
237,"PI 426202 LSP AGL",-0.0263538570622161,0.000614274890382363,0.0027469657171461,-2.62861913474774e-05,0.922313597113393,15,0.0533353209131542,0.437784125321605,0.0269670737333053,0.713187692110553
238,"PI 426778 LSP AGL",-0.0125252903079581,-0.000127557683429058,0.00142983638173094,4.63961857640724e-05,0.914390940742633,18,0.331109243352206,0.866354561438788,0.220961634848861,0.499276520011796
239,"PI 426784 LSP AGL",-0.014045108184202,0.000202894218462475,0.00163717555671933,2.58472161036931e-05,0.81740181871388,18,0.500827131832877,0.868818410091383,0.386441225452026,0.816296027649254
240,"PI 426797 LSP AGL",-0.0199438932901738,0.000427452901364833,0.00222206942942461,6.03358617131088e-07,0.836135504405085,18,0.336010348969303,0.726103130693916,0.236709762904144,0.99563233398127
241,"PI 426807 LSP AGL",-0.0180360773159292,4.91285064151353e-05,0.00209727061684445,2.2180488564689e-05,0.901374501246081,16,0.170892106732883,0.94910687315681,0.0802652128396165,0.75044886239076
242,"PI 431618 LSP AGL",-0.0141506479827362,5.99121693738729e-05,0.00153604784728378,3.74686457110618e-05,0.821123261205937,18,0.542807222850876,0.965162221288082,0.465150282180373,0.762611796164667
243,"PI 431622 LSP AGL",-0.00732077055735118,-0.000467775149852473,0.00102070752700489,7.28110593457285e-05,0.903392060263875,17,0.613791309390673,0.585648955164306,0.437019642634215,0.349121631453425
244,"PI 431630 LSP AGL",-0.000379759976470184,-0.0010523938318443,0.000363801448073234,0.000124373257818924,0.86370558060258,18,0.980843883205628,0.263750312634395,0.799148732380974,0.145818619961742
245,"PI 431633 LSP AGL",-0.0294545069174199,0.000922167918950214,0.00291488029547552,-4.04103367150506e-05,0.908658775374543,18,0.0589156021886258,0.309436424253359,0.0395685408881774,0.621322383898002
246,"PI 431636 LSP AGL",-0.0178092599693948,7.90272754236035e-05,0.00191025978386562,2.9778527815499e-05,0.890834234258113,18,0.236493905567981,0.928532830868167,0.16170831160517,0.709198690879651
247,"PI 431643 LSP AGL",-0.0207567419467097,0.000274773586995133,0.00213405808109047,1.53947028277763e-05,0.893776708795691,17,0.175501692621575,0.759141308390897,0.124655186152813,0.849502496785246
248,"PI 431662 LSP AGL",-0.00833428878063494,-0.00036803851832173,0.00105027711354507,6.91087744403453e-05,0.915487097075272,17,0.542908871431075,0.648888314327784,0.397285727337323,0.34607142403832
249,"PI 431663 LSP AGL",-0.0204579805862555,0.000277569913848504,0.00214170817069999,9.90262245213629e-06,0.920641635426718,16,0.130373184991583,0.723875974054121,0.0815756919412964,0.889381625672737
250,"PI 431679 LSP AGL",-0.00203339512170782,-0.000690152648996845,0.000362978563290131,0.000104027700478035,0.942996985469602,17,0.866381747903651,0.336267223878349,0.73970991672703,0.111840761620369
251,"PI 431684 LSP AGL",-0.00128026780381165,-0.000908681994053962,0.000398954836693995,0.000116758253319271,0.940996832657745,15,0.920329990493405,0.232123956359692,0.730827591604458,0.0926164344375099
252,"PI 431705 LSP AGL",-0.0231436171778186,0.000476569619203376,0.00238135530561095,-5.96285808328406e-06,0.90228444380541,17,0.161271287799027,0.620516092700236,0.112408153081627,0.945414397044262
253,"PI 431710 LSP AGL",-0.00699295137863002,-0.000461262729192016,0.000891776251579536,8.03054645225558e-05,0.908321078984795,17,0.634760590082457,0.59585167885571,0.503391129528113,0.309333881816611
254,"PI 431714 LSP AGL",-0.00364120199305618,-0.00067022835792551,0.000646186797699987,9.46962755979097e-05,0.926247120049561,18,0.765811823540187,0.355242172255834,0.559344032722558,0.151334763532767
255,"PI 431717 LSP AGL",0.00253436287893148,-0.00108978873276097,5.34623813061496e-05,0.000134451627229672,0.9154388604762,16,0.853205646416848,0.181032826750292,0.965598453046667,0.070648333494622
256,"PI 431728 LSP AGL",-0.00331697132030786,-0.000632908285114853,0.000524211009260773,9.83019240902279e-05,0.913696288190936,18,0.813731189485584,0.44684478252204,0.680998177838916,0.194712863359809
257,"PI 431731 LSP AGL",-0.011519655157505,-0.000177240083170052,0.00136322791252077,5.04787998917568e-05,0.898807316723674,18,0.424299371914538,0.834541648523337,0.296935477944139,0.51149072263504
258,"PI 431739 LSP AGL",-0.0265547958292688,0.000773678182116785,0.00266671192525871,-2.94292137273144e-05,0.870973941128271,18,0.104381382714853,0.418995247485647,0.0724820370654202,0.73369532521997
259,"PI 431753 LSP AGL",-0.0178160943675963,0.000144436010735136,0.00186834817975155,2.62287743579674e-05,0.872190206098154,18,0.346167160131926,0.896096424225153,0.275974268495496,0.793458077246543
260,"PI 431756 LSP AGL",-0.00957580497316686,-0.000387737195249379,0.00115543945260748,6.93744452878155e-05,0.937212083631148,17,0.408687004878192,0.56979535513216,0.271693796993744,0.263734157846557
261,"PI 431809 LSP AGL",-0.00485849731176383,-0.000669931246736684,0.000718743229190921,9.85400087310181e-05,0.819786141076874,17,0.800881235369455,0.554815251348699,0.680401454374781,0.33906370587216
262,"PI 431824 LSP AGL",-0.023031757110405,0.000332316435859975,0.00237782415295021,6.88301805823639e-06,0.900152073197431,17,0.141209902244583,0.716405101461123,0.0940579493692507,0.933682900062994
263,"PI 431863 LSP AGL",-0.0176067472079164,0.000233313394681921,0.00190310691494634,1.35643465422751e-05,0.892753552023515,16,0.206392110481012,0.774927862744514,0.132434373881601,0.854313773587184
264,"PI 431873 LSP AGL",0.000871809044677117,-0.00108959991747193,0.000246168682398708,0.000129488876685396,0.897857762146374,16,0.954731932647284,0.23231487169186,0.859460122488414,0.119046494236288
265,"PI 431884 LSP AGL",-0.0145127891696391,-0.000167701183755062,0.0015748036022418,5.41286518307596e-05,0.881410098631599,17,0.39459613516118,0.867279223420413,0.307262688424872,0.551225645897944
266,"PI 431888 LSP AGL",0.00691857006437929,-0.00141837038546326,-0.000307557616891488,0.000160171145090077,0.923660484560258,15,0.620933996116489,0.0902016698029366,0.807863934127063,0.0360924892661246
267,"PI 431923 LSP AGL",0.00124987919128883,-0.000991912024378569,0.000252586654147236,0.000118213026554571,0.908183660194827,15,0.933109064603601,0.261680737979284,0.851368226222664,0.141619998916983
268,"PI 431980 LSP AGL",-0.0138678678033035,-0.000105740228597897,0.00148034119997586,5.13985209034268e-05,0.916587551782424,17,0.327869156391035,0.899063445964865,0.248736784608801,0.49617651248931
269,"PI 432000 LSP AGL",-0.0019471822538192,-0.000955275800498495,0.000477984526924174,0.000119004899346894,0.917575015629968,15,0.901608862181205,0.303723505290845,0.737606076490986,0.159598183046028
270,"PI 432001 LSP AGL",-0.0183052850949491,0.000130512097583806,0.00198633944416318,2.17432351988842e-05,0.92679279324887,16,0.195770687961213,0.873992138685522,0.122799259922604,0.770889333571469
271,"PI 432002 LSP AGL",-0.00383038767496736,-0.00076505757279177,0.000695861948438662,9.78847663439204e-05,0.906793551933731,15,0.790865932339912,0.371152020290976,0.594759122709178,0.208192929841509
272,"PI 432005 LSP AGL",-0.0232305883996001,0.000456636113798841,0.00250647673959537,-1.07540606361939e-05,0.889228655320805,16,0.0899287111997226,0.567034056933299,0.0444246745511242,0.881479118137194
273,"PI 432028 LSP AGL",-0.0112488500758782,-0.00020633704278396,0.00131445199789098,5.30001593266683e-05,0.916488225084682,16,0.421356484559324,0.801544385884114,0.300401440671891,0.477101937254174
274,"PI 432033 LSP AGL",-0.00706079449941665,-0.000403883818445871,0.000870179759662092,7.685026117796e-05,0.922255579465088,17,0.585315074176683,0.597106456399311,0.45769021019329,0.268705988051521
275,"PI 432085 LSP AGL",-0.0132073938041884,-0.00027264942872008,0.00161263921505594,5.43000985589467e-05,0.896783338419973,17,0.319320504833517,0.727067817488237,0.180417495888678,0.443097013239912
276,"PI 432106 LSP AGL",-0.00970195345661992,-0.000325882409001188,0.00117151740954446,6.61793100780413e-05,0.880473750440251,18,0.55442336426387,0.736147977105402,0.430767594896298,0.450700964255865
277,"PI 432124 LSP AGL",-0.00177686818322936,-0.000906907220391058,0.000431271444759674,0.000119759611549978,0.897133107823962,17,0.901243050308399,0.286290178885959,0.73918295472786,0.122061175870583
278,"PI 432145 LSP AGL",0.00773308950339426,-0.00135844277249099,-0.000442056647269697,0.000158703377248216,0.937651711118721,16,0.600180990726199,0.122025799903422,0.740552936019049,0.0479955364641025
279,"PI 432147 LSP AGL",-0.0193383231779523,0.000271877210922972,0.0019584437322901,1.66623976926124e-05,0.931715487280202,17,0.146083519260975,0.72685391319486,0.10489526692397,0.813039587876251
280,"PI 432184 LSP AGL",-0.00879776408978665,-0.00049285193893811,0.00104446784910935,8.44900185754407e-05,0.880168650218275,17,0.573872011810424,0.593659056014741,0.460817122717276,0.313882740823595
281,"PI 432188 LSP AGL",-0.0209531988674078,0.000371194863921636,0.00214337325848502,9.26116997424309e-06,0.850240021754437,18,0.270230672849463,0.739196311665372,0.213326256069833,0.926881174931286
282,"PI 432190 LSP AGL",-0.000249148079621537,-0.000676993974461787,0.00028985175406876,0.000100502310072539,0.878574595159501,18,0.987119278278703,0.458863776346177,0.835490153508471,0.226478881215489
283,"PI 432201 LSP AGL",0.00874196348133064,-0.00127967814255547,-0.000582411446081017,0.000158342352680353,0.859994789020901,18,0.628140524570163,0.231936757044549,0.721643776898351,0.105305422160274
284,"PI 432212 LSP AGL",-0.0223451467975335,0.000389901429752417,0.0022843991411977,1.70873853565379e-06,0.930787998926754,17,0.0923941267819482,0.613032678709518,0.0581805302155836,0.980436990007662
285,"PI 432236 LSP AGL",-0.0184608254018203,0.000186989369570925,0.00194948091605634,1.91834578191809e-05,0.930334683127886,16,0.178547073075283,0.815917986892611,0.117660508715994,0.79203958520135
286,"PI 432245 LSP AGL",-0.024482225799103,0.000550772724770252,0.00250349442303186,-8.99635298068245e-06,0.897027039281176,17,0.102611037562537,0.529404479162248,0.0660602565070231,0.909516912708923
287,"PI 432271 LSP AGL",0.00813353464497456,-0.00110150495974262,-0.000553467231361286,0.000142212878512693,0.866074334653208,17,0.615833991312237,0.252459939295989,0.705559601979373,0.10483565287248
288,"PI 432286 LSP AGL",-0.0088308989543085,-0.000269005635340144,0.00122279756172653,5.03512575546818e-05,0.914310775770528,14,0.527735798277345,0.7439258820224,0.334995830808199,0.500242111710715
289,"PI 451763 LSP AGL",-0.0183006386787648,0.000455355315068079,0.00172880339633338,1.90377011994008e-05,0.760187310176174,18,0.506401922098375,0.778946363604853,0.487880052217805,0.896857645921428
290,"PI 458503 LSP AGL",-0.0100166578346704,-0.000334677514165247,0.00128330308605831,6.13191598860284e-05,0.926084511098568,18,0.437202955671807,0.659827331059644,0.272281320869296,0.373850962361718
291,"PI 468900 LSP AGL",-0.00135879380759382,-0.000792852753435666,0.000509912157922069,9.97299945301487e-05,0.920938667569493,17,0.921483458153204,0.333097589897792,0.682531712623906,0.179931692424088
292,"PI 468901 AGL",0.0290714990951666,-0.00233801812089405,-0.00227976286251716,0.000240658906618596,0.914371124336801,14,0.0410669060251785,0.00619842174596911,0.0753252018433627,0.00210538892300131
293,"PI 468902 LSP AGL",-0.0066798584869656,-0.000485393865329016,0.000914689465193712,7.98205995046239e-05,0.887287205268326,17,0.658938173320914,0.587227464820136,0.504387896902306,0.325257271078522
294,"PI 472136 LSP AGL",-0.0335266752579256,0.00145177394211585,0.00328655124735995,-7.62083534847797e-05,0.802095868393909,18,0.224799039545709,0.370892570313861,0.189211040419774,0.603115604528045
295,"PI 472205 LSP AGL",-0.0396996870800894,0.002040373316296,0.00376572731417112,-0.000119252034525436,0.803945222884333,18,0.157907098461195,0.218816888220283,0.139259699981538,0.425513917942778
296,"PI 472213 LSP AGL",-0.00990661687607987,-0.00037443708885096,0.00112991331456179,7.45122318086268e-05,0.879593450172974,18,0.547817084236568,0.70014534683601,0.449198491905439,0.398705405773408
297,"PI 472327 LSP AGL",-0.0199698486628321,0.000465778593622787,0.00215400794782955,2.84640354586433e-06,0.825310564815164,18,0.380967690829459,0.728456570443954,0.296763351048774,0.981280570639892
298,"PI 472380 LSP AGL",-0.0283856263474569,0.00106516105344311,0.00285393336068954,-4.56073821651697e-05,0.819213533995512,18,0.2381635927296,0.451291872018381,0.19059986803632,0.721126056105188
299,"PI 472416 LSP AGL",-0.00492455837338602,-0.000492003448000881,0.000900393586427672,7.77711121595909e-05,0.888641542343848,18,0.734348297062624,0.566324759420253,0.49339242818993,0.317861573237653
300,"PI 472488 LSP AGL",-0.0286036296358994,0.000998669643062496,0.00301502418424936,-5.02433801474176e-05,0.781750015341904,18,0.209107973461683,0.455056706373415,0.144470542002433,0.677538477962798
301,"PI 472559 LSP AGL",-0.027371908269423,0.000781503714304133,0.00295474821031767,-3.84592716172891e-05,0.907586982971045,17,0.0399924899736019,0.312032134058856,0.0151496241071829,0.581117375565959
302,"PI 472561 LSP AGL",-0.0139882090558906,9.3644233083665e-05,0.00171736976663393,2.82387948655715e-05,0.851019738898551,18,0.457151735263572,0.932579923971034,0.31411072750273,0.778246894365116
303,"PI 472569 LSP AGL",-0.0328807733815991,0.00130211180251921,0.00339499757026367,-7.72233403283078e-05,0.76661500631383,18,0.260110643966901,0.4468166598735,0.199659020171606,0.617544526413075
304,"PI 472588 LSP AGL",0.00107609694311771,-0.000843312811397477,0.000209534068211244,0.000113188536228272,0.879967559395319,16,0.937445953952689,0.301247853923822,0.865958494650507,0.128227062759337
305,"PI 472590 LSP AGL",-0.0142244571975361,-0.00019364123794032,0.00168383014863261,4.66391496146837e-05,0.921978986639959,15,0.273656624869131,0.799498953219174,0.153776481902661,0.500167476886197
306,"PI 472615 LSP AGL",-0.0151463346269788,3.26673786944107e-05,0.00179795430423557,3.19490893762573e-05,0.789547853129519,18,0.501465482733845,0.9803518616844,0.378587456965887,0.79033367294141
307,"PI 472629 LSP AGL",-0.0143045205860384,-3.71606469851966e-05,0.00148001436348956,5.08727309970501e-05,0.862953773734994,18,0.488934032622645,0.975651167043902,0.428863340200144,0.644608230589132
308,"PI 477921 LSP AGL",-0.0157018716602027,0.000375796146383155,0.00135966846018177,3.54600464660738e-05,0.766693415515437,18,0.594892649075838,0.829238304521065,0.610823211248896,0.822203039166605
309,"PI 490288 LSP AGL",0.00885724245987432,-0.00118703869022272,-0.000561300363028404,0.000147886187414001,0.875599818884815,18,0.582858564155992,0.214846152523068,0.700385878867141,0.0903353724237823
310,"PI 490289 LSP AGL",-0.0127542838252133,-0.00020468862627725,0.00151085555546953,5.02510588163345e-05,0.932133221340428,16,0.316414418720597,0.784270068804753,0.191159665380632,0.459060164763886
311,"PI 508090 AGL",-0.0216041597031543,0.000496509611486091,0.00210440068371325,5.60645100294496e-06,0.843216077095269,18,0.286876747537575,0.676711418744373,0.251983068838344,0.95850089716812
312,"PI 518733 LSP AGL",0.00773357691394931,-0.000965557334633684,-0.000392840624371285,0.000121622253799252,0.90491299380975,16,0.528301985548303,0.185827444070243,0.722925540730244,0.0680219397815297
313,"PI 518734 LSP AGL",0.0178003705282407,-0.00155672782500677,-0.0012783649175536,0.000173302803852979,0.863614874058407,18,0.203566365256325,0.0631456922734787,0.311403903823339,0.023630383538617
314,"PI 533688 LSP AGL",-0.00157695238733482,-0.000760670177111071,0.000571942992605598,9.38421755079799e-05,0.889163274666001,14,0.913854546380807,0.378376991354773,0.6648243653864,0.231715450925194
315,"PI 533693 LSP AGL",0.000538176513019485,-0.00072337486607843,0.000237958016004355,0.000101662348692387,0.90737791122498,16,0.966384899712407,0.339937436674528,0.836879653335676,0.141305736973095
316,"PI 612875 AGL",-0.0112358262075513,-0.000426549682679119,0.00158526209261941,5.97425105845489e-05,0.935488459976511,15,0.39869810314781,0.586330315944585,0.190436962594696,0.401012399601924
317,"PI 643451 AGL",-0.0175844911550921,0.000299281698350653,0.00208489075663103,5.21948279012274e-06,0.816614561948416,18,0.399652877377957,0.807745359664958,0.270398429963644,0.962541486031293
318,"PI 643452 AGL",-0.0301279880191372,0.000935201796116794,0.00324599944637721,-5.56126672324421e-05,0.902053405877593,18,0.0277573587383626,0.239166147863047,0.00939698757498654,0.436814927874606
319,"Shasta AGL",-0.018094448054371,0.000619465820010423,0.00170629442438693,2.29117394128849e-06,0.846104014979973,18,0.398468826404954,0.623348150575366,0.379004226763564,0.983973591259801
320,"W6 27754 LSP AGL",-0.00665823347557361,-0.000211930059353297,0.000942120787468157,5.1092325845247e-05,0.873138342950869,18,0.681596386676687,0.82507965270023,0.521174018383988,0.55609847242678
321,"W6 27760 LSP AGL",0.00272730899125799,-0.000732469583323479,5.76036143936523e-05,0.000108237145084403,0.833733499651281,18,0.89095856692487,0.533389872490907,0.974466369682604,0.311117107377046
322,"W6 27763 LSP AGL",-0.0180984098068255,6.91581185998261e-06,0.00218642560019584,1.97153956711264e-05,0.907140128966042,15,0.189069080674189,0.993148897674782,0.0815167706531887,0.786912941223333
323,"W6 27766 LSP AGL",-0.0159878523047309,0.000473039568531258,0.00189782590067989,-1.74107545155439e-06,0.682028425389381,18,0.530363997379448,0.753070349328666,0.410614181647437,0.989781523003505
324,"W6 27767 LSP AGL",-0.00811612834746301,-0.000438255603698722,0.00124737620146311,6.16735658623881e-05,0.86840449607184,15,0.588934158949458,0.620386527586533,0.359993550685372,0.442300759497214
